name,count_images
box_images/U+308F,2000
box_images/U+304D,2000
box_images/U+306D,2000
box_images/U+3092,2000
box_images/U+3042,2000
box_images/U+3031,2000
box_images/U+5165,2000
box_images/U+307F,2000
box_images/U+305A,2000
box_images/U+30A2,2000
box_images/U+3059,2000
box_images/U+4EBA,2000
box_images/U+304C,2000
box_images/U+3057,2000
box_images/U+3044,2000
box_images/U+3078,2000
box_images/U+306E,2000
box_images/U+3082,2000
box_images/U+305F,2000
box_images/U+4E00,2000
box_images/U+3067,2000
box_images/U+306B,2000
box_images/U+3070,2000
box_images/U+3053,2000
box_images/U+3072,2000
box_images/U+304F,2000
box_images/U+3055,2000
box_images/U+304A,2000
box_images/U+3060,2000
box_images/U+308A,2000
box_images/U+3093,2000
box_images/U+3089,2000
box_images/U+3081,2000
box_images/U+3068,2000
box_images/U+3069,2000
box_images/U+306A,2000
box_images/U+304B,2000
box_images/U+30FB,2000
box_images/U+306F,2000
box_images/U+305B,2000
box_images/U+308D,2000
box_images/U+308B,2000
box_images/U+3066,2000
box_images/U+305D,2000
box_images/U+307E,2000
box_images/U+4E8B,2000
box_images/U+3064,2000
box_images/U+3046,2000
box_images/U+308C,2000
box_images/U+3084,2000
box_images/U+3088,2000
box_images/U+3075,2000
box_images/U+3061,2000
box_images/U+3051,2000
box_images/U+309D,2000
box_images/U+51FA,1978
box_images/U+3079,1966
box_images/U+4E91,1885
box_images/U+3058,1884
box_images/U+5B50,1838
box_images/U+53C8,1836
box_images/U+307B,1819
box_images/U+306C,1810
box_images/U+898B,1732
box_images/U+3086,1604
box_images/U+7269,1595
box_images/U+5927,1580
box_images/U+6B64,1576
box_images/U+3080,1509
box_images/U+4E0A,1489
box_images/U+65E5,1415
box_images/U+3054,1385
box_images/U+5176,1381
box_images/U+4E09,1371
box_images/U+3056,1357
box_images/U+65B9,1347
box_images/U+4E2D,1316
box_images/U+5C0F,1272
box_images/U+4E5F,1266
box_images/U+4F55,1242
box_images/U+25CB,1236
box_images/U+4E8C,1224
box_images/U+5973,1167
box_images/U+5019,1162
box_images/U+5FA1,1136
box_images/U+56FD,1132
box_images/U+5341,1131
box_images/U+3073,1127
box_images/U+4ECA,1112
box_images/U+30CF,1109
box_images/U+6642,1095
box_images/U+662F,1095
box_images/U+3065,1077
box_images/U+300C,1075
box_images/U+6C34,1056
box_images/U+5408,1045
box_images/U+624B,1044
box_images/U+30C8,1033
box_images/U+6240,1025
box_images/U+4E94,980
box_images/U+5FC3,963
box_images/U+7D66,951
box_images/U+6765,932
box_images/U+3076,931
box_images/U+30FD,918
box_images/U+5C71,899
box_images/U+305E,871
box_images/U+8EAB,864
box_images/U+3052,859
box_images/U+7533,848
box_images/U+30C4,833
box_images/U+4E0B,830
box_images/U+516B,817
box_images/U+540C,816
box_images/U+767D,808
box_images/U+69D8,799
box_images/U+6C17,795
box_images/U+524D,789
box_images/U+7ACB,786
box_images/U+6709,774
box_images/U+30A4,770
box_images/U+601D,757
box_images/U+56DB,756
box_images/U+304E,747
box_images/U+53F3,744
box_images/U+76EE,707
box_images/U+4E16,705
box_images/U+5C45,703
box_images/U+307C,697
box_images/U+8A00,684
box_images/U+5F8C,660
box_images/U+4ED5,659
box_images/U+53E3,641
box_images/U+5206,639
box_images/U+6C41,638
box_images/U+751F,637
box_images/U+5207,637
box_images/U+5185,633
box_images/U+3050,632
box_images/U+3048,625
box_images/U+9577,621
box_images/U+516D,619
box_images/U+30A6,611
box_images/U+90CE,611
box_images/U+8272,610
box_images/U+4E4B,604
box_images/U+5BB6,604
box_images/U+5409,603
box_images/U+540D,602
box_images/U+805E,601
box_images/U+98A8,592
box_images/U+30B5,591
box_images/U+9152,582
box_images/U+716E,580
box_images/U+53D6,575
box_images/U+5F15,570
box_images/U+7C73,569
box_images/U+6708,565
box_images/U+7F6E,565
box_images/U+8695,565
box_images/U+309E,564
box_images/U+30EC,559
box_images/U+884C,554
box_images/U+5E74,553
box_images/U+6E6F,547
box_images/U+592B,543
box_images/U+30E4,543
box_images/U+80FD,542
box_images/U+591C,540
box_images/U+82B1,530
box_images/U+7C89,524
box_images/U+6728,515
box_images/U+30F2,511
box_images/U+5473,509
box_images/U+6238,507
box_images/U+9593,507
box_images/U+61F2,501
box_images/U+70B9,501
box_images/U+706B,501
box_images/U+754C,501
box_images/U+6D44,501
box_images/U+6557,501
box_images/U+5B99,501
box_images/U+969B,501
box_images/U+55E3,501
box_images/U+6241,501
box_images/U+541D,501
box_images/U+4F4E,501
box_images/U+7B95,501
box_images/U+9162,501
box_images/U+516C,501
box_images/U+7BC9,501
box_images/U+62F6,501
box_images/U+5DF2,501
box_images/U+53EB,501
box_images/U+5C11,501
box_images/U+8857,501
box_images/U+63C3,501
box_images/U+75DB,501
box_images/U+5263,501
box_images/U+7C4D,501
box_images/U+8AFA,501
box_images/U+8F14,501
box_images/U+5016,501
box_images/U+4E24,501
box_images/U+4E73,501
box_images/U+816B,501
box_images/U+8521,501
box_images/U+6848,501
box_images/U+7E23,501
box_images/U+79FB,501
box_images/U+80A1,501
box_images/U+66AB,501
box_images/U+5217,501
box_images/U+7CBE,501
box_images/U+6843,501
box_images/U+7701,501
box_images/U+994B,501
box_images/U+6DEB,501
box_images/U+86FE,501
box_images/U+685D,501
box_images/U+9063,501
box_images/U+4E57,501
box_images/U+970E,501
box_images/U+7A7A,501
box_images/U+606D,501
box_images/U+8B6C,501
box_images/U+8ACB,501
box_images/U+5531,501
box_images/U+68A2,501
box_images/U+7E37,501
box_images/U+59D4,501
box_images/U+619A,501
box_images/U+91DD,501
box_images/U+8096,501
box_images/U+888D,501
box_images/U+672C,501
box_images/U+547C,501
box_images/U+4E71,501
box_images/U+9119,501
box_images/U+7D39,501
box_images/U+66DA,501
box_images/U+932B,501
box_images/U+6E56,501
box_images/U+5148,501
box_images/U+9E93,501
box_images/U+535A,501
box_images/U+4E9B,501
box_images/U+9C48,501
box_images/U+72FD,501
box_images/U+80F8,501
box_images/U+8C9E,501
box_images/U+800C,501
box_images/U+5BB5,501
box_images/U+53D7,501
box_images/U+68C4,501
box_images/U+6BBF,501
box_images/U+5A9B,501
box_images/U+5098,501
box_images/U+3761,501
box_images/U+303B,501
box_images/U+8718,501
box_images/U+2000B,501
box_images/U+9285,501
box_images/U+6A4B,501
box_images/U+5264,501
box_images/U+3032,501
box_images/U+6DF7,501
box_images/U+984D,501
box_images/U+5BEE,501
box_images/U+5BB9,501
box_images/U+9177,501
box_images/U+67F1,501
box_images/U+75E9,501
box_images/U+5B9A,501
box_images/U+839E,501
box_images/U+88F8,501
box_images/U+7C11,501
box_images/U+4F3D,501
box_images/U+7FFC,501
box_images/U+61C7,501
box_images/U+5B57,501
box_images/U+9AF7,501
box_images/U+351F,501
box_images/U+985B,501
box_images/U+57CB,501
box_images/U+62BC,501
box_images/U+9599,501
box_images/U+9C60,501
box_images/U+66FF,501
box_images/U+5B88,501
box_images/U+6795,501
box_images/U+5ECA,501
box_images/U+5360,501
box_images/U+65CF,501
box_images/U+8056,501
box_images/U+9332,501
box_images/U+7E04,501
box_images/U+85F7,501
box_images/U+76AE,501
box_images/U+664B,501
box_images/U+7259,501
box_images/U+5C24,501
box_images/U+3002,501
box_images/U+89AA,501
box_images/U+990A,501
box_images/U+5CF6,501
box_images/U+821F,501
box_images/U+9EE8,501
box_images/U+620C,501
box_images/U+5C0B,501
box_images/U+65E8,501
box_images/U+7B92,501
box_images/U+671D,501
box_images/U+8A82,501
box_images/U+58EB,501
box_images/U+7A3D,501
box_images/U+639B,501
box_images/U+5243,501
box_images/U+7BA1,501
box_images/U+6ADB,501
box_images/U+70AE,501
box_images/U+82BD,501
box_images/U+9D28,501
box_images/U+826F,501
box_images/U+60AA,501
box_images/U+671F,501
box_images/U+9CF6,501
box_images/U+7AFA,501
box_images/U+5FFD,501
box_images/U+9C36,501
box_images/U+62FE,501
box_images/U+8C37,501
box_images/U+50D5,501
box_images/U+30E2,501
box_images/U+9B3C,501
box_images/U+5948,501
box_images/U+9154,501
box_images/U+9855,501
box_images/U+82B9,501
box_images/U+627F,501
box_images/U+5510,501
box_images/U+885D,501
box_images/U+8D77,501
box_images/U+25E2E,501
box_images/U+4E32,501
box_images/U+5668,501
box_images/U+30C3,501
box_images/U+63B4,501
box_images/U+5B8C,501
box_images/U+895F,501
box_images/U+67D8,501
box_images/U+5E78,501
box_images/U+614B,501
box_images/U+68F9,501
box_images/U+8D64,501
box_images/U+9B22,501
box_images/U+4F1D,501
box_images/U+4FEE,501
box_images/U+5BC4,501
box_images/U+25CF,501
box_images/U+6050,501
box_images/U+81C2,501
box_images/U+4FE1,501
box_images/U+8B77,501
box_images/U+811A,501
box_images/U+8703,501
box_images/U+91E3,501
box_images/U+75AB,501
box_images/U+5CA9,501
box_images/U+72C2,501
box_images/U+4F50,501
box_images/U+5F62,501
box_images/U+6A59,501
box_images/U+6D29,501
box_images/U+6982,501
box_images/U+6BDB,501
box_images/U+7279,501
box_images/U+6691,501
box_images/U+7A2E,501
box_images/U+55B6,501
box_images/U+30CA,501
box_images/U+4E5D,501
box_images/U+4F4D,501
box_images/U+5F7C,501
box_images/U+6BD4,501
box_images/U+30B2,501
box_images/U+567A,501
box_images/U+920D,501
box_images/U+5011,501
box_images/U+7C95,501
box_images/U+5B97,501
box_images/U+5EFA,501
box_images/U+8500,501
box_images/U+6E4A,501
box_images/U+7460,501
box_images/U+547D,501
box_images/U+4E89,501
box_images/U+88FE,501
box_images/U+30EF,501
box_images/U+82E6,501
box_images/U+83B1,501
box_images/U+6276,501
box_images/U+54B2,501
box_images/U+6F06,501
box_images/U+7403,501
box_images/U+4F3A,501
box_images/U+52A3,501
box_images/U+856A,501
box_images/U+7537,501
box_images/U+74DC,501
box_images/U+6BD2,501
box_images/U+5728,501
box_images/U+5200,501
box_images/U+7CEF,501
box_images/U+623F,501
box_images/U+6AC2,501
box_images/U+6A80,501
box_images/U+8F19,501
box_images/U+6DB2,501
box_images/U+5AC9,501
box_images/U+652F,501
box_images/U+8339,501
box_images/U+8D66,501
box_images/U+4FCA,501
box_images/U+85FA,501
box_images/U+8358,501
box_images/U+5DF1,501
box_images/U+96B7,501
box_images/U+6307,501
box_images/U+925B,501
box_images/U+6714,501
box_images/U+5347,501
box_images/U+62D2,501
box_images/U+8000,501
box_images/U+63BE,501
box_images/U+66F4,501
box_images/U+6311,501
box_images/U+86AB,501
box_images/U+6715,501
box_images/U+8CAF,501
box_images/U+5026,501
box_images/U+5553,501
box_images/U+8FB0,501
box_images/U+546A,501
box_images/U+7A40,501
box_images/U+82E1,501
box_images/U+9BA0,501
box_images/U+71E5,501
box_images/U+8B21,501
box_images/U+75F4,501
box_images/U+653E,501
box_images/U+4EEE,501
box_images/U+5EC9,501
box_images/U+30E8,501
box_images/U+90E8,501
box_images/U+97F3,501
box_images/U+96C1,501
box_images/U+57CE,501
box_images/U+4F7F,501
box_images/U+FA3F,501
box_images/U+66F8,501
box_images/U+697D,501
box_images/U+7F94,501
box_images/U+6159,501
box_images/U+4E4E,501
box_images/U+9727,501
box_images/U+5ED3,501
box_images/U+7DEC,501
box_images/U+6D66,501
box_images/U+723A,501
box_images/U+7C8B,501
box_images/U+8FB1,501
box_images/U+3071,501
box_images/U+731B,501
box_images/U+8CB0,501
box_images/U+5175,501
box_images/U+6216,501
box_images/U+8304,501
box_images/U+822C,501
box_images/U+5A7F,501
box_images/U+9B1A,501
box_images/U+54AC,501
box_images/U+73E0,501
box_images/U+5965,501
box_images/U+8766,501
box_images/U+4F59,501
box_images/U+5805,501
box_images/U+5742,501
box_images/U+967A,501
box_images/U+4EE5,501
box_images/U+7BC7,501
box_images/U+91A4,501
box_images/U+6551,501
box_images/U+9F13,501
box_images/U+632F,501
box_images/U+7A1C,501
box_images/U+8D14,501
box_images/U+809D,501
box_images/U+5B6B,501
box_images/U+5CA1,501
box_images/U+820C,501
box_images/U+792C,501
box_images/U+862D,501
box_images/U+8431,501
box_images/U+6B74,501
box_images/U+8010,501
box_images/U+81E8,501
box_images/U+7A00,501
box_images/U+6A5F,501
box_images/U+9C72,501
box_images/U+808C,501
box_images/U+6D2A,501
box_images/U+713C,501
box_images/U+6349,501
box_images/U+500B,501
box_images/U+6E21,501
box_images/U+30EA,501
box_images/U+8ECD,501
box_images/U+5DDD,501
box_images/U+6F01,501
box_images/U+6C42,501
box_images/U+9BC9,501
box_images/U+8107,501
box_images/U+620A,501
box_images/U+5869,501
box_images/U+56A2,501
box_images/U+5AE1,501
box_images/U+6E7F,501
box_images/U+9B6F,501
box_images/U+7DCF,501
box_images/U+9006,501
box_images/U+8DB3,501
box_images/U+6298,501
box_images/U+771F,501
box_images/U+918D,501
box_images/U+30D0,501
box_images/U+52C7,501
box_images/U+6A21,501
box_images/U+67D0,501
box_images/U+56F3,501
box_images/U+61F8,501
box_images/U+8AA5,501
box_images/U+4ECB,501
box_images/U+5978,501
box_images/U+990C,501
box_images/U+34DB,501
box_images/U+732A,501
box_images/U+73CD,501
box_images/U+6D77,501
box_images/U+6148,501
box_images/U+8CEA,501
box_images/U+660C,501
box_images/U+71ED,501
box_images/U+53EA,501
box_images/U+7070,501
box_images/U+68DA,501
box_images/U+755D,501
box_images/U+FA55,501
box_images/U+60D1,501
box_images/U+9013,501
box_images/U+8D99,501
box_images/U+4E4F,501
box_images/U+8AA0,501
box_images/U+59EB,501
box_images/U+667A,501
box_images/U+7AFF,501
box_images/U+9060,501
box_images/U+8CA2,501
box_images/U+50E7,501
box_images/U+6460,501
box_images/U+6804,501
box_images/U+5C31,501
box_images/U+8278,501
box_images/U+99D5,501
box_images/U+8332,501
box_images/U+9AD8,501
box_images/U+305C,501
box_images/U+5F92,501
box_images/U+7FCC,501
box_images/U+85AF,501
box_images/U+96EB,501
box_images/U+79D8,501
box_images/U+8FD1,501
box_images/U+76F8,501
box_images/U+904B,501
box_images/U+60E3,501
box_images/U+935B,501
box_images/U+5E7E,501
box_images/U+96D1,501
box_images/U+967D,501
box_images/U+6253,501
box_images/U+89B3,501
box_images/U+8DE1,501
box_images/U+6F2C,501
box_images/U+9C3B,501
box_images/U+7F85,501
box_images/U+6D17,501
box_images/U+5F0F,501
box_images/U+7D35,501
box_images/U+6E1B,501
box_images/U+638C,501
box_images/U+6D12,501
box_images/U+830E,501
box_images/U+582A,501
box_images/U+5C51,501
box_images/U+9020,501
box_images/U+9786,501
box_images/U+8CC3,501
box_images/U+7985,501
box_images/U+5B87,501
box_images/U+5BD3,501
box_images/U+60DF,501
box_images/U+8C4A,501
box_images/U+7956,501
box_images/U+5F93,501
box_images/U+552F,501
box_images/U+76E7,501
box_images/U+5DFE,501
box_images/U+77E2,501
box_images/U+9DF2,501
box_images/U+77BB,501
box_images/U+7D0B,501
box_images/U+56F0,501
box_images/U+98FE,501
box_images/U+5642,501
box_images/U+5F10,501
box_images/U+8B5C,501
box_images/U+7A0D,501
box_images/U+84EE,501
box_images/U+529B,501
box_images/U+84BF,501
box_images/U+9234,501
box_images/U+8B0E,501
box_images/U+637B,501
box_images/U+9B54,501
box_images/U+96F2,501
box_images/U+4EAD,501
box_images/U+8FFD,501
box_images/U+9045,501
box_images/U+96CC,501
box_images/U+8499,501
box_images/U+9580,501
box_images/U+718A,501
box_images/U+96C6,501
box_images/U+66B4,501
box_images/U+4F2F,501
box_images/U+9A55,501
box_images/U+7A7F,501
box_images/U+66F0,501
box_images/U+540E,501
box_images/U+6020,501
box_images/U+8CA1,501
box_images/U+66F3,501
box_images/U+640D,501
box_images/U+9091,501
box_images/U+6B4E,501
box_images/U+602A,501
box_images/U+81F3,501
box_images/U+8987,501
box_images/U+76CA,501
box_images/U+7E70,501
box_images/U+904E,501
box_images/U+75C5,501
box_images/U+6CAB,501
box_images/U+5177,501
box_images/U+7BC0,501
box_images/U+88B4,501
box_images/U+661F,501
box_images/U+86C7,501
box_images/U+30C0,501
box_images/U+9650,501
box_images/U+6E9D,501
box_images/U+76F2,501
box_images/U+675E,501
box_images/U+9673,501
box_images/U+904A,501
box_images/U+54B8,501
box_images/U+96E2,501
box_images/U+69CB,501
box_images/U+9AFB,501
box_images/U+9B91,501
box_images/U+6D3B,501
box_images/U+5B9F,501
box_images/U+85A9,501
box_images/U+8236,501
box_images/U+8CB4,501
box_images/U+4FC2,501
box_images/U+51E0,501
box_images/U+9BF2,501
box_images/U+5C3C,501
box_images/U+6590,501
box_images/U+52DD,501
box_images/U+5925,501
box_images/U+540F,501
box_images/U+675C,501
box_images/U+6B20,501
box_images/U+30CD,501
box_images/U+6226,501
box_images/U+647A,501
box_images/U+50C5,501
box_images/U+792B,501
box_images/U+7AC4,501
box_images/U+5C4F,501
box_images/U+6B62,501
box_images/U+65E7,501
box_images/U+86A4,501
box_images/U+623E,501
box_images/U+7DB8,501
box_images/U+866B,501
box_images/U+6B5F,501
box_images/U+8058,501
box_images/U+8A33,501
box_images/U+964D,501
box_images/U+72F8,501
box_images/U+9280,501
box_images/U+68E0,501
box_images/U+9838,501
box_images/U+653F,501
box_images/U+5EFB,501
box_images/U+6C5D,501
box_images/U+5BFE,501
box_images/U+5F84,501
box_images/U+54C9,501
box_images/U+9ED9,501
box_images/U+7159,501
box_images/U+70CF,501
box_images/U+6797,501
box_images/U+5E9C,501
box_images/U+7C9F,501
box_images/U+5C0E,501
box_images/U+53EF,501
box_images/U+7B04,501
box_images/U+7656,501
box_images/U+4EE4,501
box_images/U+6EDD,501
box_images/U+6BCD,501
box_images/U+8861,501
box_images/U+65AF,501
box_images/U+5FA9,501
box_images/U+662D,501
box_images/U+96A0,501
box_images/U+8896,501
box_images/U+60DC,501
box_images/U+30BF,501
box_images/U+6F02,501
box_images/U+6854,501
box_images/U+60C5,501
box_images/U+585A,501
box_images/U+8C46,501
box_images/U+7B6C,501
box_images/U+6F38,501
box_images/U+4F4F,501
box_images/U+54C0,501
box_images/U+85C1,501
box_images/U+727D,501
box_images/U+30F3,501
box_images/U+30BD,501
box_images/U+98FC,501
box_images/U+9F0E,501
box_images/U+65ED,501
box_images/U+7363,501
box_images/U+72B6,501
box_images/U+6587,501
box_images/U+907A,501
box_images/U+535C,501
box_images/U+6CCA,501
box_images/U+9694,501
box_images/U+4E80,501
box_images/U+7AB9,501
box_images/U+610F,501
box_images/U+6577,501
box_images/U+7230,501
box_images/U+8FF0,501
box_images/U+8338,501
box_images/U+5974,501
box_images/U+6383,501
box_images/U+8CA9,501
box_images/U+7897,501
box_images/U+5275,501
box_images/U+6458,501
box_images/U+7149,501
box_images/U+50F9,501
box_images/U+5589,501
box_images/U+97EE,501
box_images/U+798F,501
box_images/U+6C88,501
box_images/U+8A5E,501
box_images/U+72A2,501
box_images/U+5FCD,501
box_images/U+818F,501
box_images/U+6389,501
box_images/U+4F76,501
box_images/U+5EA6,501
box_images/U+58FC,501
box_images/U+8CAC,501
box_images/U+90ED,501
box_images/U+767A,501
box_images/U+7953,501
box_images/U+56FA,501
box_images/U+5709,501
box_images/U+73ED,501
box_images/U+67F4,501
box_images/U+83D3,501
box_images/U+63A5,501
box_images/U+5EB5,501
box_images/U+56AE,501
box_images/U+6669,501
box_images/U+628A,501
box_images/U+6F09,501
box_images/U+8EFD,501
box_images/U+5BC5,501
box_images/U+795F,501
box_images/U+8E8A,501
box_images/U+9699,501
box_images/U+566A,501
box_images/U+5305,501
box_images/U+6E29,501
box_images/U+5023,501
box_images/U+7CFA,501
box_images/U+8CB8,501
box_images/U+7573,501
box_images/U+65E9,501
box_images/U+5468,501
box_images/U+5F35,501
box_images/U+625B,501
box_images/U+523A,501
box_images/U+5E38,501
box_images/U+4E88,501
box_images/U+75C7,501
box_images/U+7642,501
box_images/U+9010,501
box_images/U+95A8,501
box_images/U+9C06,501
box_images/U+5C65,501
box_images/U+757F,501
box_images/U+30D5,501
box_images/U+6C57,501
box_images/U+62F5,501
box_images/U+731F,501
box_images/U+4FBF,501
box_images/U+99C6,501
box_images/U+5DFB,501
box_images/U+56E3,501
box_images/U+6075,501
box_images/U+5C02,501
box_images/U+8A91,501
box_images/U+7FC5,501
box_images/U+89D2,501
box_images/U+9675,501
box_images/U+51A4,501
box_images/U+4FC3,501
box_images/U+6FE1,501
box_images/U+7DD1,501
box_images/U+66FD,501
box_images/U+9A13,501
box_images/U+5224,501
box_images/U+670D,501
box_images/U+8102,501
box_images/U+8DDF,501
box_images/U+4F9B,501
box_images/U+50BE,501
box_images/U+517C,501
box_images/U+4ED9,501
box_images/U+6A47,501
box_images/U+5112,501
box_images/U+877F,501
box_images/U+96C5,501
box_images/U+81E5,501
box_images/U+52E2,501
box_images/U+514C,501
box_images/U+8AF8,501
box_images/U+51CD,501
box_images/U+5426,501
box_images/U+8FBA,501
box_images/U+7B48,501
box_images/U+7C92,501
box_images/U+5100,501
box_images/U+9022,501
box_images/U+5AE9,501
box_images/U+6E05,501
box_images/U+79E6,501
box_images/U+58EE,501
box_images/U+7334,501
box_images/U+5BCC,501
box_images/U+5F81,501
box_images/U+9001,501
box_images/U+4E8E,501
box_images/U+852D,501
box_images/U+6A3D,501
box_images/U+9583,501
box_images/U+6697,501
box_images/U+30B3,501
box_images/U+9038,501
box_images/U+25B2,501
box_images/U+9A5A,501
box_images/U+6E80,501
box_images/U+64C2,501
box_images/U+5EA7,501
box_images/U+8258,501
box_images/U+7C3F,501
box_images/U+5B22,501
box_images/U+5373,501
box_images/U+766A,501
box_images/U+636E,501
box_images/U+61A4,501
box_images/U+6591,501
box_images/U+4FF3,501
box_images/U+8FD4,501
box_images/U+6B1D,501
box_images/U+9591,501
box_images/U+5CF0,501
box_images/U+7E6D,501
box_images/U+9B9F,501
box_images/U+674E,501
box_images/U+30C6,501
box_images/U+4F10,501
box_images/U+7389,501
box_images/U+5343,501
box_images/U+5F37,501
box_images/U+6B53,501
box_images/U+643A,501
box_images/U+611A,501
box_images/U+6850,501
box_images/U+7F77,501
box_images/U+96A3,501
box_images/U+4E14,501
box_images/U+51E6,501
box_images/U+9781,501
box_images/U+9DF9,501
box_images/U+30EB,501
box_images/U+88C5,501
box_images/U+63A2,501
box_images/U+548C,501
box_images/U+5824,501
box_images/U+8FEB,501
box_images/U+514E,501
box_images/U+7F8A,501
box_images/U+6493,501
box_images/U+899A,501
box_images/U+87FE,501
box_images/U+5EAD,501
box_images/U+5BDB,501
box_images/U+6483,501
box_images/U+64A5,501
box_images/U+5962,501
box_images/U+9C57,501
box_images/U+5951,501
box_images/U+690B,501
box_images/U+6E2C,501
box_images/U+541F,501
box_images/U+67FF,501
box_images/U+816E,501
box_images/U+59DC,501
box_images/U+7FB9,501
box_images/U+6C38,501
box_images/U+81FC,501
box_images/U+7C2A,501
box_images/U+98DF,501
box_images/U+6210,501
box_images/U+810A,501
box_images/U+7687,501
box_images/U+8AFE,501
box_images/U+6E09,501
box_images/U+67D3,501
box_images/U+6559,501
box_images/U+6398,501
box_images/U+76C6,501
box_images/U+542B,501
box_images/U+7136,501
box_images/U+864E,501
box_images/U+7E4B,501
box_images/U+6F15,501
box_images/U+6CE8,501
box_images/U+8B58,501
box_images/U+51B7,501
box_images/U+7AEA,501
box_images/U+5583,501
box_images/U+79CB,501
box_images/U+6D45,501
box_images/U+53CE,501
box_images/U+5DE7,501
box_images/U+63FA,501
box_images/U+71B1,501
box_images/U+4ED6,501
box_images/U+7DB1,501
box_images/U+8FB7,501
box_images/U+53E5,501
box_images/U+9054,501
box_images/U+55DA,501
box_images/U+653B,501
box_images/U+65BC,501
box_images/U+8852,501
box_images/U+7B26,501
box_images/U+6B4C,501
box_images/U+7344,501
box_images/U+8EAC,501
box_images/U+7F75,501
box_images/U+5316,501
box_images/U+663C,501
box_images/U+8B72,501
box_images/U+30DB,501
box_images/U+4ECD,501
box_images/U+7384,501
box_images/U+7A93,501
box_images/U+8DF3,501
box_images/U+5C48,501
box_images/U+9418,501
box_images/U+8584,501
box_images/U+8429,501
box_images/U+65AC,501
box_images/U+5F1F,501
box_images/U+76D7,501
box_images/U+618E,501
box_images/U+97AD,501
box_images/U+6881,501
box_images/U+9C52,501
box_images/U+82B8,501
box_images/U+521D,501
box_images/U+9D2B,501
box_images/U+9803,501
box_images/U+7D79,501
box_images/U+539A,501
box_images/U+59AC,501
box_images/U+9EA9,501
box_images/U+8001,501
box_images/U+6DE1,501
box_images/U+9678,501
box_images/U+67D1,501
box_images/U+5C04,501
box_images/U+54E1,501
box_images/U+5FE0,501
box_images/U+7DE8,501
box_images/U+8CD3,501
box_images/U+8711,501
box_images/U+98DB,501
box_images/U+82D7,501
box_images/U+79F0,501
box_images/U+5F71,501
box_images/U+9023,501
box_images/U+81B3,501
box_images/U+66F2,501
box_images/U+501F,501
box_images/U+7530,501
box_images/U+6817,501
box_images/U+592A,501
box_images/U+5F04,501
box_images/U+5208,501
box_images/U+7D71,501
box_images/U+88AB,501
box_images/U+7AC3,501
box_images/U+8F09,501
box_images/U+7724,501
box_images/U+8CC0,501
box_images/U+617E,501
box_images/U+509A,501
box_images/U+76E5,501
box_images/U+72D7,501
box_images/U+767E,501
box_images/U+9BB9,501
box_images/U+91D1,501
box_images/U+554F,501
box_images/U+7720,501
box_images/U+88C2,501
box_images/U+795D,501
box_images/U+65AD,501
box_images/U+9B42,501
box_images/U+9730,501
box_images/U+4F8D,501
box_images/U+9806,501
box_images/U+6247,501
box_images/U+5922,501
box_images/U+888B,501
box_images/U+4FA1,501
box_images/U+6DF3,501
box_images/U+564C,501
box_images/U+6255,501
box_images/U+55AB,501
box_images/U+64B0,501
box_images/U+6CE1,501
box_images/U+706F,501
box_images/U+20D45,501
box_images/U+66F9,501
box_images/U+57D2,501
box_images/U+5B89,501
box_images/U+6FEF,501
box_images/U+66AE,501
box_images/U+53E2,501
box_images/U+7FD4,501
box_images/U+6025,501
box_images/U+507D,501
box_images/U+7DB4,501
box_images/U+9F3B,501
box_images/U+5BFF,501
box_images/U+25A0,501
box_images/U+8B70,501
box_images/U+6B96,501
box_images/U+773A,501
box_images/U+609F,501
box_images/U+8006,501
box_images/U+8457,501
box_images/U+541B,501
box_images/U+9EBA,501
box_images/U+968E,501
box_images/U+7591,501
box_images/U+707D,501
box_images/U+57A3,501
box_images/U+978D,501
box_images/U+9C2D,501
box_images/U+9E97,501
box_images/U+7B4B,501
box_images/U+25B3,501
box_images/U+8C48,501
box_images/U+8A8D,501
box_images/U+82F1,501
box_images/U+3063,501
box_images/U+51DD,501
box_images/U+8B1B,501
box_images/U+9A0E,501
box_images/U+7B4D,501
box_images/U+5E2F,501
box_images/U+7B46,501
box_images/U+59E8,501
box_images/U+8CCE,501
box_images/U+7AAE,501
box_images/U+7B51,501
box_images/U+6575,501
box_images/U+9BD6,501
box_images/U+57FA,501
box_images/U+539F,501
box_images/U+6C96,501
box_images/U+55AA,501
box_images/U+6B69,501
box_images/U+6756,501
box_images/U+5D6F,501
box_images/U+7A1A,501
box_images/U+8776,501
box_images/U+9C2F,501
box_images/U+89A7,501
box_images/U+8449,501
box_images/U+5B5D,501
box_images/U+4E0E,501
box_images/U+6D1B,501
box_images/U+4E7E,501
box_images/U+7099,501
box_images/U+55A7,501
box_images/U+9B92,501
box_images/U+982D,501
box_images/U+5996,501
box_images/U+6B8A,501
box_images/U+5A9A,501
box_images/U+6CA1,501
box_images/U+5618,501
box_images/U+7A74,501
box_images/U+6094,501
box_images/U+524A,501
box_images/U+863F,501
box_images/U+52AA,501
box_images/U+9813,501
box_images/U+6176,501
box_images/U+7AE0,501
box_images/U+4F5C,501
box_images/U+4E11,501
box_images/U+7009,501
box_images/U+8A34,501
box_images/U+9C39,501
box_images/U+59C9,501
box_images/U+7834,501
box_images/U+4FD7,501
box_images/U+78C1,501
box_images/U+9640,501
box_images/U+51C4,501
box_images/U+5B63,501
box_images/U+7D00,501
box_images/U+4F75,501
box_images/U+5993,501
box_images/U+5F97,501
box_images/U+7947,501
box_images/U+65BD,501
box_images/U+6597,501
box_images/U+6583,501
box_images/U+52E7,501
box_images/U+9867,501
box_images/U+9C63,501
box_images/U+5C4E,501
box_images/U+7802,501
box_images/U+5315,501
box_images/U+86F9,501
box_images/U+584A,501
box_images/U+8131,501
box_images/U+79C0,501
box_images/U+5F3E,501
box_images/U+96E8,501
box_images/U+719F,501
box_images/U+76DB,501
box_images/U+8089,501
box_images/U+6867,501
box_images/U+5272,501
box_images/U+4E45,501
box_images/U+983B,501
box_images/U+971E,501
box_images/U+84FC,501
box_images/U+6C37,501
box_images/U+821E,501
box_images/U+6234,501
box_images/U+8535,501
box_images/U+9EBB,501
box_images/U+71F5,501
box_images/U+70BA,501
box_images/U+8A73,501
box_images/U+5999,501
box_images/U+54FD,501
box_images/U+8AE2,501
box_images/U+7B52,501
box_images/U+80CC,501
box_images/U+5370,501
box_images/U+6190,501
box_images/U+62D9,501
box_images/U+6C72,501
box_images/U+88F3,501
box_images/U+74E6,501
box_images/U+6851,501
box_images/U+5C60,501
box_images/U+9244,501
box_images/U+7372,501
box_images/U+84EC,501
box_images/U+8305,501
box_images/U+51A5,501
box_images/U+6301,501
box_images/U+5099,501
box_images/U+6B63,501
box_images/U+5EDF,501
box_images/U+77AC,501
box_images/U+6D41,501
box_images/U+8B02,501
box_images/U+5BF8,501
box_images/U+30D8,501
box_images/U+93AE,501
box_images/U+6DFB,501
box_images/U+9AA8,501
box_images/U+83EF,501
box_images/U+59CB,501
box_images/U+7D9A,501
box_images/U+4EC1,501
box_images/U+6D5A,501
box_images/U+8CCA,501
box_images/U+839A,501
box_images/U+5ABD,501
box_images/U+8A18,501
box_images/U+8E8D,501
box_images/U+60A3,501
box_images/U+8EE2,501
box_images/U+52A0,501
box_images/U+30B7,501
box_images/U+61F6,501
box_images/U+676F,501
box_images/U+6A0B,501
box_images/U+5FD8,501
box_images/U+7409,501
box_images/U+731C,501
box_images/U+9CE5,501
box_images/U+9320,501
box_images/U+8A69,501
box_images/U+50FB,501
box_images/U+7C83,501
box_images/U+7D30,501
box_images/U+6D1E,501
box_images/U+9A19,501
box_images/U+594F,501
box_images/U+7621,501
box_images/U+7B11,501
box_images/U+6562,501
box_images/U+7B1B,501
box_images/U+57DF,501
box_images/U+5203,501
box_images/U+8CDC,501
box_images/U+30BB,501
box_images/U+5BC6,501
box_images/U+7D04,501
box_images/U+6E90,501
box_images/U+9B41,501
box_images/U+6C99,501
box_images/U+5FFF,501
box_images/U+8997,501
box_images/U+7114,501
box_images/U+543C,501
box_images/U+8FC4,501
box_images/U+7B20,501
box_images/U+5357,501
box_images/U+8C9F,501
box_images/U+4E26,501
box_images/U+8155,501
box_images/U+8A0E,501
box_images/U+30B9,501
box_images/U+99C4,501
box_images/U+84B8,501
box_images/U+50CD,501
box_images/U+60B2,501
box_images/U+971C,501
box_images/U+6F5C,501
box_images/U+7247,501
box_images/U+4E59,501
box_images/U+67D4,501
box_images/U+7E3E,501
box_images/U+7CB3,501
box_images/U+4E01,501
box_images/U+6C60,501
box_images/U+4EA4,501
box_images/U+8AAC,501
box_images/U+8986,501
box_images/U+5BF5,501
box_images/U+5BE9,501
box_images/U+4E07,501
box_images/U+9665,501
box_images/U+7815,501
box_images/U+65EC,501
box_images/U+7D1A,501
box_images/U+548E,501
box_images/U+5F82,501
box_images/U+5BD0,501
box_images/U+6599,501
box_images/U+5E2D,501
box_images/U+86C4,501
box_images/U+839F,501
box_images/U+9149,501
box_images/U+6271,501
box_images/U+60A6,501
box_images/U+817F,501
box_images/U+5A66,501
box_images/U+52A9,501
box_images/U+975E,501
box_images/U+5DE3,501
box_images/U+7ADC,501
box_images/U+5215,501
box_images/U+6D5C,501
box_images/U+9EA6,501
box_images/U+97FF,501
box_images/U+4EC7,501
box_images/U+860B,501
box_images/U+5DF3,501
box_images/U+901A,501
box_images/U+8CE2,501
box_images/U+856D,501
box_images/U+559C,501
box_images/U+9019,501
box_images/U+5F18,501
box_images/U+5E37,501
box_images/U+8302,501
box_images/U+9C78,501
box_images/U+7D20,501
box_images/U+58F2,501
box_images/U+5384,501
box_images/U+8DA3,501
box_images/U+7B2C,501
box_images/U+99B4,501
box_images/U+80DE,501
box_images/U+3087,501
box_images/U+6753,501
box_images/U+88DC,501
box_images/U+8A87,501
box_images/U+8549,501
box_images/U+958B,501
box_images/U+5DBA,501
box_images/U+6B3A,501
box_images/U+7CD5,501
box_images/U+51B6,501
box_images/U+9BDB,501
box_images/U+7565,501
box_images/U+68B6,501
box_images/U+9BAE,501
box_images/U+929A,501
box_images/U+5F69,501
box_images/U+58DF,501
box_images/U+7B97,501
box_images/U+8700,501
box_images/U+5DBC,501
box_images/U+63A1,501
box_images/U+6059,501
box_images/U+5C3A,501
box_images/U+534A,501
box_images/U+9854,501
box_images/U+30DF,501
box_images/U+80B2,501
box_images/U+897F,501
box_images/U+6B7B,501
box_images/U+914C,501
box_images/U+83AB,501
box_images/U+656C,501
box_images/U+53F8,501
box_images/U+77E5,501
box_images/U+6E20,501
box_images/U+7C21,501
box_images/U+91CF,501
box_images/U+660E,501
box_images/U+7686,501
box_images/U+82D4,501
box_images/U+51AC,501
box_images/U+8ABF,501
box_images/U+8882,501
box_images/U+8E0F,501
box_images/U+55DC,501
box_images/U+30CB,501
box_images/U+5A01,501
box_images/U+7248,501
box_images/U+9785,501
box_images/U+5410,501
box_images/U+6284,501
box_images/U+6563,501
box_images/U+5897,501
box_images/U+6B8B,501
box_images/U+4FDF,501
box_images/U+5348,501
box_images/U+8513,501
box_images/U+7A3F,501
box_images/U+590F,501
box_images/U+5BA4,501
box_images/U+9069,501
box_images/U+5143,501
box_images/U+52C5,501
box_images/U+4E92,501
box_images/U+9B93,501
box_images/U+6AC3,501
box_images/U+6761,501
box_images/U+9752,501
box_images/U+7D19,501
box_images/U+629C,501
box_images/U+51F9,501
box_images/U+6D6A,501
box_images/U+5F73,501
box_images/U+5439,501
box_images/U+559A,501
box_images/U+53EC,501
box_images/U+5BA5,501
box_images/U+30C1,501
box_images/U+53F7,501
box_images/U+9AED,501
box_images/U+7D05,501
box_images/U+677E,501
box_images/U+5065,501
box_images/U+8F1D,501
box_images/U+9032,501
box_images/U+7261,501
box_images/U+8178,501
box_images/U+6CBC,501
box_images/U+8CDE,501
box_images/U+8077,501
box_images/U+6B6F,501
box_images/U+99AC,501
box_images/U+6295,501
box_images/U+69A7,501
box_images/U+9762,501
box_images/U+8FDA,501
box_images/U+5446,501
box_images/U+79E1,501
box_images/U+854A,501
box_images/U+7D2F,501
box_images/U+8FBC,501
box_images/U+6900,501
box_images/U+914D,501
box_images/U+9D8F,501
box_images/U+89E6,501
box_images/U+5484,501
box_images/U+738B,501
box_images/U+4E08,501
box_images/U+6D32,501
box_images/U+9EC4,501
box_images/U+5085,501
box_images/U+8208,501
box_images/U+7167,501
box_images/U+6162,501
box_images/U+81E3,501
box_images/U+99D2,501
box_images/U+9999,501
box_images/U+9CE9,501
box_images/U+8D74,501
box_images/U+6F64,501
box_images/U+5E8A,501
box_images/U+7483,501
box_images/U+6CD5,501
box_images/U+7984,501
box_images/U+9BA8,501
box_images/U+9732,501
box_images/U+611F,501
box_images/U+5750,501
box_images/U+9192,501
box_images/U+81BE,501
box_images/U+7A4D,501
box_images/U+9A28,501
box_images/U+7980,501
box_images/U+3062,501
box_images/U+79A6,501
box_images/U+5442,501
box_images/U+9D2C,501
box_images/U+6BDF,501
box_images/U+697C,501
box_images/U+5375,501
box_images/U+9EB9,501
box_images/U+30D9,501
box_images/U+65C5,501
box_images/U+6CC1,501
box_images/U+907F,501
box_images/U+61B2,501
box_images/U+7D3A,501
box_images/U+7570,501
box_images/U+30B1,501
box_images/U+6625,501
box_images/U+6211,501
box_images/U+7169,501
box_images/U+7D99,501
box_images/U+7164,501
box_images/U+8CBB,501
box_images/U+5149,501
box_images/U+9CF4,501
box_images/U+8CA8,501
box_images/U+30AF,501
box_images/U+8F61,501
box_images/U+5B54,501
box_images/U+773C,501
box_images/U+7D2B,501
box_images/U+7AEF,501
box_images/U+4E39,501
box_images/U+4E3B,501
box_images/U+597D,501
box_images/U+83F1,501
box_images/U+52D5,501
box_images/U+753B,501
box_images/U+6F70,501
box_images/U+696D,501
box_images/U+8ADA,501
box_images/U+7CC0,501
box_images/U+5BB4,501
box_images/U+80A5,501
box_images/U+54B3,501
box_images/U+671B,501
box_images/U+8A63,501
box_images/U+576A,501
box_images/U+5E7C,501
box_images/U+901F,501
box_images/U+88B1,501
box_images/U+98FD,501
box_images/U+4EF0,501
box_images/U+4FE4,501
box_images/U+7709,501
box_images/U+723E,501
box_images/U+6687,501
box_images/U+57F7,501
box_images/U+7AF6,501
box_images/U+5A35,501
box_images/U+8012,501
box_images/U+7CA5,501
box_images/U+5A18,501
box_images/U+9C47,501
box_images/U+6D6E,501
box_images/U+7AE5,501
box_images/U+53F2,501
box_images/U+76BA,501
box_images/U+9F63,501
box_images/U+7B54,501
box_images/U+5629,501
box_images/U+5C61,501
box_images/U+3005,501
box_images/U+9298,501
box_images/U+59BE,501
box_images/U+7ADF,501
box_images/U+5E81,501
box_images/U+87C4,501
box_images/U+4FF5,501
box_images/U+8DEF,501
box_images/U+9BF5,501
box_images/U+753A,501
box_images/U+8D08,501
box_images/U+64AD,501
box_images/U+8C9D,501
box_images/U+6469,501
box_images/U+916C,501
box_images/U+9065,501
box_images/U+59D3,501
box_images/U+8CB7,501
box_images/U+6BBB,501
box_images/U+5301,501
box_images/U+67F5,501
box_images/U+90F7,501
box_images/U+5F79,501
box_images/U+8F2A,501
box_images/U+505A,501
box_images/U+9D72,501
box_images/U+8165,501
box_images/U+65C1,501
box_images/U+90E1,501
box_images/U+756A,501
box_images/U+3402,501
box_images/U+5358,501
box_images/U+5076,501
box_images/U+6D69,501
box_images/U+5E72,501
box_images/U+5146,501
box_images/U+9190,501
box_images/U+900F,501
box_images/U+60DA,501
box_images/U+6B32,501
box_images/U+5B85,501
box_images/U+793C,501
box_images/U+7D10,501
box_images/U+8A89,501
box_images/U+87BA,501
box_images/U+8352,501
box_images/U+98E2,501
box_images/U+79BF,501
box_images/U+59BB,501
box_images/U+6F0F,501
box_images/U+694A,501
box_images/U+6606,501
box_images/U+59B9,501
box_images/U+8202,501
box_images/U+699B,501
box_images/U+8098,501
box_images/U+5BB3,501
box_images/U+51E1,501
box_images/U+6D0B,501
box_images/U+7825,501
box_images/U+6C7A,501
box_images/U+5C4B,501
box_images/U+6614,501
box_images/U+6674,501
box_images/U+90FD,501
box_images/U+98F4,501
box_images/U+5FAE,501
box_images/U+5DE8,501
box_images/U+9B1F,501
box_images/U+7A0B,501
box_images/U+9B5A,501
box_images/U+71C3,501
box_images/U+8B83,501
box_images/U+7E2E,501
box_images/U+6566,501
box_images/U+6681,501
box_images/U+798D,501
box_images/U+65E2,501
box_images/U+849C,501
box_images/U+81F4,501
box_images/U+7FD2,501
box_images/U+7E2B,501
box_images/U+6CB9,501
box_images/U+8AAD,501
box_images/U+5FDC,501
box_images/U+819D,501
box_images/U+6B21,501
box_images/U+5931,501
box_images/U+6F6E,501
box_images/U+8005,501
box_images/U+3AD6,501
box_images/U+557C,501
box_images/U+890C,501
box_images/U+969C,501
box_images/U+8150,501
box_images/U+5A92,501
box_images/U+84CB,501
box_images/U+FA68,501
box_images/U+9E81,501
box_images/U+6155,501
box_images/U+502D,501
box_images/U+885B,501
box_images/U+658E,501
box_images/U+6C70,501
box_images/U+6069,501
box_images/U+673A,501
box_images/U+5504,501
box_images/U+81EA,501
box_images/U+8C55,501
box_images/U+53C2,501
box_images/U+57A2,501
box_images/U+845B,501
box_images/U+6CC5,501
box_images/U+87C7,501
box_images/U+77F3,501
box_images/U+5F31,501
box_images/U+55B0,501
box_images/U+6068,501
box_images/U+76BF,501
box_images/U+4EA6,501
box_images/U+8AB0,501
box_images/U+844E,501
box_images/U+5854,501
box_images/U+6417,501
box_images/U+8015,501
box_images/U+5D07,501
box_images/U+30E7,501
box_images/U+88C1,501
box_images/U+7D42,501
box_images/U+6BBA,501
box_images/U+4E38,501
box_images/U+5606,501
box_images/U+6182,501
box_images/U+7329,501
box_images/U+93A7,501
box_images/U+5074,501
box_images/U+9632,501
box_images/U+5F25,501
box_images/U+85BA,501
box_images/U+7D44,501
box_images/U+52E4,501
box_images/U+6539,501
box_images/U+5438,501
box_images/U+78E4,501
box_images/U+67F3,501
box_images/U+9EBF,501
box_images/U+7CA7,501
box_images/U+5345,501
box_images/U+649E,501
box_images/U+7D4C,501
box_images/U+865A,501
box_images/U+72AC,501
box_images/U+86EE,501
box_images/U+4F8B,501
box_images/U+4FAD,501
box_images/U+8A71,501
box_images/U+566C,501
box_images/U+50C9,501
box_images/U+6BB5,501
box_images/U+71D7,501
box_images/U+67C4,501
box_images/U+9644,501
box_images/U+6876,501
box_images/U+7CE7,501
box_images/U+80B4,501
box_images/U+6751,501
box_images/U+906E,501
box_images/U+8A70,501
box_images/U+9A12,501
box_images/U+6DC0,501
box_images/U+672A,501
box_images/U+6279,501
box_images/U+9BA7,501
box_images/U+7A32,501
box_images/U+7948,501
box_images/U+4EAB,501
box_images/U+8FF7,501
box_images/U+7669,501
box_images/U+4E03,501
box_images/U+53F0,501
box_images/U+500D,501
box_images/U+62B1,501
box_images/U+5BB0,501
box_images/U+9716,501
box_images/U+9C0A,501
box_images/U+85FB,501
box_images/U+796D,501
box_images/U+5FCC,501
box_images/U+67DA,501
box_images/U+43FB,501
box_images/U+6CC9,501
box_images/U+683D,501
box_images/U+30FE,501
box_images/U+9664,501
box_images/U+7CDD,501
box_images/U+770B,501
box_images/U+4F0F,501
box_images/U+7E01,501
box_images/U+7DDA,501
box_images/U+8870,501
box_images/U+9F08,501
box_images/U+6A39,501
box_images/U+7BB1,501
box_images/U+8FBB,501
box_images/U+75B5,501
box_images/U+9905,501
box_images/U+5B5F,501
box_images/U+64B2,501
box_images/U+8F03,501
box_images/U+5E96,501
box_images/U+68EE,501
box_images/U+5451,501
box_images/U+7551,501
box_images/U+30AD,501
box_images/U+71BE,501
box_images/U+5F6D,501
box_images/U+52B9,501
box_images/U+8853,501
box_images/U+5AC1,501
box_images/U+698E,501
box_images/U+5E8F,501
box_images/U+4EE3,501
box_images/U+87BB,501
box_images/U+64D2,501
box_images/U+8A2A,501
box_images/U+6CA2,501
box_images/U+62DB,501
box_images/U+80F4,501
box_images/U+5834,501
box_images/U+8981,501
box_images/U+604B,501
box_images/U+7965,501
box_images/U+5C0A,501
box_images/U+98EF,501
box_images/U+9F20,501
box_images/U+8AF1,501
box_images/U+7C00,501
box_images/U+847A,501
box_images/U+605F,501
box_images/U+5BC2,501
box_images/U+50CF,501
box_images/U+4ED8,501
box_images/U+5029,501
box_images/U+6F22,501
box_images/U+9670,501
box_images/U+6377,501
box_images/U+7F70,501
box_images/U+6897,501
box_images/U+52D8,501
box_images/U+6C0F,501
box_images/U+6750,501
box_images/U+970A,501
box_images/U+6368,501
box_images/U+8A23,501
box_images/U+6775,501
box_images/U+631F,501
box_images/U+6DF1,501
box_images/U+58F0,501
box_images/U+6CB8,501
box_images/U+7F8E,501
box_images/U+6367,501
box_images/U+9B8E,501
box_images/U+4E1E,501
box_images/U+58F1,501
box_images/U+6E07,501
box_images/U+352B,501
box_images/U+8DE8,501
box_images/U+5FD7,501
box_images/U+62CD,501
box_images/U+7FA4,501
box_images/U+621B,501
box_images/U+5E3D,501
box_images/U+9017,501
box_images/U+5EF6,501
box_images/U+8AC7,501
box_images/U+309F,501
box_images/U+5E61,501
box_images/U+6BCE,501
box_images/U+8FCE,501
box_images/U+79D1,501
box_images/U+7DB2,501
box_images/U+4E5E,501
box_images/U+868A,501
box_images/U+83E9,501
box_images/U+5FEB,501
box_images/U+6570,501
box_images/U+679D,501
box_images/U+7BE9,501
box_images/U+86CE,501
box_images/U+80E1,501
box_images/U+5BA2,501
box_images/U+5800,501
box_images/U+8D85,501
box_images/U+616E,501
box_images/U+5225,501
box_images/U+96EA,501
box_images/U+58F7,501
box_images/U+5BD2,501
box_images/U+7CF8,501
box_images/U+5C3E,501
box_images/U+7532,501
box_images/U+8F1B,501
box_images/U+5E55,501
box_images/U+63EE,501
box_images/U+5802,501
box_images/U+7336,501
box_images/U+7C43,501
box_images/U+6A29,501
box_images/U+83C5,501
box_images/U+30E1,501
box_images/U+8179,501
box_images/U+7CD6,501
box_images/U+9685,501
box_images/U+6A2A,501
box_images/U+690E,501
box_images/U+6727,501
box_images/U+6043,501
box_images/U+5544,501
box_images/U+60B6,501
box_images/U+564E,501
box_images/U+7E54,501
box_images/U+529F,501
box_images/U+7246,501
box_images/U+7C3E,501
box_images/U+4E98,501
box_images/U+86F8,501
box_images/U+83DC,501
box_images/U+82A6,501
box_images/U+60A9,501
box_images/U+8CBC,501
box_images/U+7D68,501
box_images/U+71D5,501
box_images/U+544A,501
box_images/U+626E,501
box_images/U+4F3C,501
box_images/U+5302,501
box_images/U+4F11,501
box_images/U+30AB,501
box_images/U+307A,501
box_images/U+5E73,501
box_images/U+5411,501
box_images/U+7740,501
box_images/U+8CE6,501
box_images/U+904D,501
box_images/U+8A13,501
box_images/U+8C61,501
box_images/U+4E43,501
box_images/U+91D8,501
box_images/U+5D29,501
box_images/U+4EA5,501
box_images/U+5E03,501
box_images/U+50E5,501
box_images/U+82AD,501
box_images/U+61FC,501
box_images/U+5730,501
box_images/U+9B2E,501
box_images/U+8577,501
box_images/U+4EF2,501
box_images/U+7518,501
box_images/U+5B58,501
box_images/U+5915,501
box_images/U+9761,501
box_images/U+725B,501
box_images/U+96C4,501
box_images/U+7FE0,501
box_images/U+8B00,501
box_images/U+6294,501
box_images/U+54C1,501
box_images/U+683C,501
box_images/U+6DEA,501
box_images/U+9759,501
box_images/U+724C,501
box_images/U+555C,501
box_images/U+5F53,501
box_images/U+7DFB,501
box_images/U+6628,501
box_images/U+5B66,501
box_images/U+5BBF,501
box_images/U+6C83,501
box_images/U+714E,501
box_images/U+6D74,501
box_images/U+5875,501
box_images/U+4FAF,501
box_images/U+702C,501
box_images/U+87F9,501
box_images/U+821C,501
box_images/U+7E8F,501
box_images/U+5449,501
box_images/U+5EAB,501
box_images/U+6CBB,501
box_images/U+9451,501
box_images/U+7B65,501
box_images/U+4FDD,501
box_images/U+5DE6,501
box_images/U+7109,501
box_images/U+6BBD,501
box_images/U+5BDF,501
box_images/U+4E86,501
box_images/U+4F1A,501
box_images/U+85CD,501
box_images/U+76FE,501
box_images/U+685C,501
box_images/U+9BF7,501
box_images/U+87F7,501
box_images/U+8AD6,501
box_images/U+7DD2,501
box_images/U+6607,501
box_images/U+6717,501
box_images/U+6613,501
box_images/U+52D9,501
box_images/U+76F4,501
box_images/U+5BA3,501
box_images/U+5DE5,501
box_images/U+8607,501
box_images/U+8471,501
box_images/U+7E1E,501
box_images/U+88CF,501
box_images/U+5229,501
box_images/U+9798,501
box_images/U+75CD,501
box_images/U+5F01,501
box_images/U+8074,501
box_images/U+8271,501
box_images/U+8A17,501
box_images/U+635C,501
box_images/U+8A66,501
box_images/U+7089,501
box_images/U+6D3E,501
box_images/U+5507,501
box_images/U+6C5A,501
box_images/U+5EC3,501
box_images/U+5009,501
box_images/U+91A2,501
box_images/U+3091,501
box_images/U+53CD,501
box_images/U+8182,501
box_images/U+5DDE,501
box_images/U+96E3,501
box_images/U+6319,501
box_images/U+52FA,501
box_images/U+732B,501
box_images/U+9AEA,501
box_images/U+8679,501
box_images/U+7881,501
box_images/U+6CE3,501
box_images/U+91CC,501
box_images/U+758E,501
box_images/U+7F6A,501
box_images/U+5C90,501
box_images/U+8A3C,501
box_images/U+85E4,501
box_images/U+6734,501
box_images/U+934B,501
box_images/U+6D25,501
box_images/U+8188,501
box_images/U+4F34,501
box_images/U+6893,501
box_images/U+6BCB,501
box_images/U+887E,501
box_images/U+9CF0,501
box_images/U+6F3F,501
box_images/U+84B2,501
box_images/U+8D8A,501
box_images/U+679C,501
box_images/U+7CDE,501
box_images/U+722A,501
box_images/U+3919,501
box_images/U+9957,501
box_images/U+5FB3,501
box_images/U+6C11,501
box_images/U+6E08,501
box_images/U+7D75,501
box_images/U+8A60,501
box_images/U+5475,501
box_images/U+5556,501
box_images/U+4EA1,501
box_images/U+901D,501
box_images/U+4E0D,501
box_images/U+7E45,501
box_images/U+4FEF,501
box_images/U+7912,501
box_images/U+62C5,501
box_images/U+666F,501
box_images/U+7981,501
box_images/U+6C50,501
box_images/U+6939,501
box_images/U+695A,501
box_images/U+5150,501
box_images/U+53CB,501
box_images/U+5323,501
box_images/U+7A9F,501
box_images/U+30C7,501
box_images/U+9BD4,501
box_images/U+963F,501
box_images/U+75B2,501
box_images/U+5287,501
box_images/U+614E,501
box_images/U+8868,501
box_images/U+59D1,501
box_images/U+9707,501
box_images/U+4F0A,501
box_images/U+504F,501
box_images/U+52B4,501
box_images/U+4ECF,501
box_images/U+7D0D,501
box_images/U+674F,501
box_images/U+7DE9,501
box_images/U+9E7F,501
box_images/U+6545,501
box_images/U+30F1,501
box_images/U+7562,501
box_images/U+5E76,501
box_images/U+690D,501
box_images/U+6F14,501
box_images/U+8F29,501
box_images/U+5831,501
box_images/U+5C3D,501
box_images/U+9858,501
box_images/U+5E02,501
box_images/U+8ECA,501
box_images/U+6839,501
box_images/U+8CAA,501
box_images/U+7CDF,501
box_images/U+5949,501
box_images/U+5DEE,501
box_images/U+639F,501
box_images/U+6191,501
box_images/U+5617,501
box_images/U+9ECD,501
box_images/U+63E1,501
box_images/U+7FA9,501
box_images/U+767B,501
box_images/U+7E21,501
box_images/U+834A,501
box_images/U+30AE,501
box_images/U+679A,501
box_images/U+6B73,501
box_images/U+4E21,501
box_images/U+91CE,501
box_images/U+880E,501
box_images/U+6652,501
box_images/U+53AD,501
box_images/U+7078,501
box_images/U+4EF6,501
box_images/U+5857,501
box_images/U+927E,501
box_images/U+71E0,501
box_images/U+6355,501
box_images/U+7DBA,501
box_images/U+307D,501
box_images/U+5171,501
box_images/U+5609,501
box_images/U+4F53,501
box_images/U+4FC4,501
box_images/U+55DF,501
box_images/U+515C,501
box_images/U+755C,501
box_images/U+52C3,501
box_images/U+9AB8,501
box_images/U+8490,501
box_images/U+518A,501
box_images/U+5B64,501
box_images/U+689F,501
box_images/U+8782,501
box_images/U+6F54,501
box_images/U+5835,501
box_images/U+795E,501
box_images/U+5916,501
box_images/U+5C55,501
box_images/U+8DCB,501
box_images/U+72EC,501
box_images/U+8846,501
box_images/U+90AA,501
box_images/U+9005,501
box_images/U+7559,501
box_images/U+8A2D,501
box_images/U+64F2,501
box_images/U+86D9,501
box_images/U+78EF,501
box_images/U+9921,501
box_images/U+543E,501
box_images/U+9326,501
box_images/U+6700,501
box_images/U+675F,501
box_images/U+4F38,501
box_images/U+5BFA,501
box_images/U+5FC5,501
box_images/U+5C53,501
box_images/U+5955,501
box_images/U+6B66,501
box_images/U+53B3,501
box_images/U+96D6,501
box_images/U+6CE5,501
box_images/U+8A9E,501
box_images/U+8D70,501
box_images/U+3006,501
box_images/U+7CFB,501
box_images/U+8377,501
box_images/U+6D88,501
box_images/U+90A3,501
box_images/U+9808,501
box_images/U+9589,501
box_images/U+75BE,501
box_images/U+5B9C,501
box_images/U+30CE,501
box_images/U+985E,501
box_images/U+5BE7,501
box_images/U+8AF7,501
box_images/U+9663,501
box_images/U+7D5E,501
box_images/U+69B4,501
box_images/U+56E0,501
box_images/U+7531,501
box_images/U+6885,501
box_images/U+81A0,501
box_images/U+5EFF,501
box_images/U+508D,501
box_images/U+6842,501
box_images/U+574A,501
box_images/U+9D89,501
box_images/U+63BB,501
box_images/U+55C5,501
box_images/U+5186,501
box_images/U+96F7,501
box_images/U+8F4E,501
box_images/U+820E,501
box_images/U+829D,501
box_images/U+5A5A,501
box_images/U+30BC,501
box_images/U+8239,501
box_images/U+4EA8,501
box_images/U+786F,501
box_images/U+72CE,501
box_images/U+63C9,501
box_images/U+5584,501
box_images/U+54ED,501
box_images/U+5247,501
box_images/U+FA31,501
box_images/U+56F2,501
box_images/U+5C01,501
box_images/U+68DF,501
box_images/U+30BA,501
box_images/U+96C0,501
box_images/U+5B09,501
box_images/U+938C,501
box_images/U+7DF4,501
box_images/U+591A,501
box_images/U+9945,501
box_images/U+592E,501
box_images/U+8CAB,501
box_images/U+86CD,501
box_images/U+866C,501
box_images/U+5982,501
box_images/U+6771,501
box_images/U+8A6E,501
box_images/U+8086,501
box_images/U+65B0,501
box_images/U+5F80,501
box_images/U+56C0,501
box_images/U+7B49,501
box_images/U+523B,501
box_images/U+81ED,501
box_images/U+525B,501
box_images/U+85A6,501
box_images/U+7B0A,501
box_images/U+622F,501
box_images/U+76E4,501
box_images/U+5ACC,501
box_images/U+3074,501
box_images/U+5C3B,501
box_images/U+900D,501
box_images/U+5056,501
box_images/U+5F85,501
box_images/U+7E94,501
box_images/U+5BD4,501
box_images/U+9BAD,501
box_images/U+82DE,501
box_images/U+6773,501
box_images/U+30DE,501
box_images/U+672D,501
box_images/U+606F,501
box_images/U+91DC,501
box_images/U+8FB2,501
box_images/U+52FF,501
box_images/U+518D,501
box_images/U+8FE6,501
box_images/U+9C67,501
box_images/U+7BB8,501
box_images/U+5270,501
box_images/U+596A,501
box_images/U+86DB,501
box_images/U+7A37,501
box_images/U+80A9,501
box_images/U+4F9D,501
box_images/U+6127,501
box_images/U+65A4,501
box_images/U+7D76,501
box_images/U+8DEA,501
box_images/U+5C06,501
box_images/U+6EDE,501
box_images/U+7BAD,501
box_images/U+5317,501
box_images/U+5D0E,501
box_images/U+5BAE,501
box_images/U+56DE,501
box_images/U+7345,501
box_images/U+64AB,501
box_images/U+5C1A,501
box_images/U+711A,501
box_images/U+677F,501
box_images/U+74E2,501
box_images/U+7FBD,501
box_images/U+4EFB,501
box_images/U+8170,501
box_images/U+840D,501
box_images/U+72D0,501
box_images/U+8AA4,501
box_images/U+62F3,501
box_images/U+303D,501
box_images/U+6975,501
box_images/U+6016,501
box_images/U+693F,501
box_images/U+9594,501
box_images/U+5F59,501
box_images/U+605A,501
box_images/U+514D,501
box_images/U+7BED,501
box_images/U+5E7F,501
box_images/U+95A2,501
box_images/U+86E4,501
box_images/U+30D3,501
box_images/U+6A58,501
box_images/U+53F1,501
box_images/U+75B3,501
box_images/U+8F3E,501
box_images/U+6C08,501
box_images/U+77E3,501
box_images/U+77ED,501
box_images/U+7236,501
box_images/U+5E30,501
box_images/U+7434,501
box_images/U+62DD,501
box_images/U+4453,501
box_images/U+5374,501
box_images/U+7684,501
box_images/U+5078,501
box_images/U+4F46,501
box_images/U+5815,501
box_images/U+63D0,501
box_images/U+62E0,501
box_images/U+7B39,501
box_images/U+5036,501
box_images/U+5FDD,501
box_images/U+88B7,501
box_images/U+6749,501
box_images/U+8557,501
box_images/U+9053,501
box_images/U+57C3,501
box_images/U+5929,501
box_images/U+8CA0,501
box_images/U+53BB,501
box_images/U+4E95,501
box_images/U+9928,501
box_images/U+50AC,501
box_images/U+98F2,501
box_images/U+64B9,501
box_images/U+7092,501
box_images/U+8033,501
box_images/U+7121,501
box_images/U+8671,501
box_images/U+6F45,501
box_images/U+6572,501
box_images/U+68D2,501
box_images/U+8840,501
box_images/U+5320,501
box_images/U+82E5,501
box_images/U+973D,501
box_images/U+89E3,501
box_images/U+5E97,501
box_images/U+92AD,501
box_images/U+73FE,501
box_images/U+968F,501
box_images/U+5947,501
box_images/U+8336,501
box_images/U+585E,501
box_images/U+814E,501
box_images/U+540A,501
box_images/U+8494,501
box_images/U+5E1D,501
box_images/U+9262,501
box_images/U+5371,501
box_images/U+5937,501
box_images/U+25FFB,501
box_images/U+6101,501
box_images/U+34B5,501
box_images/U+5CB8,501
box_images/U+63A8,501
box_images/U+9397,501
box_images/U+5C4A,501
box_images/U+5012,501
box_images/U+300D,501
box_images/U+8A1B,501
box_images/U+4EAC,501
box_images/U+6027,501
box_images/U+8E0A,501
box_images/U+9DB4,501
box_images/U+72ED,501
box_images/U+732E,501
box_images/U+7262,501
box_images/U+82A5,501
box_images/U+56C2,501
box_images/U+7A62,501
box_images/U+9000,501
box_images/U+7D22,501
box_images/U+99ED,501
box_images/U+670B,501
box_images/U+61D0,501
box_images/U+51CC,501
box_images/U+70AD,501
box_images/U+6CE2,501
box_images/U+624D,501
box_images/U+6293,501
box_images/U+6E9C,501
box_images/U+99B3,501
box_images/U+88FD,501
box_images/U+7ABA,501
box_images/U+53CA,501
box_images/U+8863,501
box_images/U+3090,501
box_images/U+6FC3,501
box_images/U+96BB,501
box_images/U+7528,501
box_images/U+708A,501
box_images/U+6EBA,501
box_images/U+66C7,501
box_images/U+5378,501
box_images/U+7AF9,501
box_images/U+5B98,501
box_images/U+8003,501
box_images/U+54F2,501
box_images/U+898F,501
box_images/U+9996,501
box_images/U+751A,501
box_images/U+5F66,501
box_images/U+79C1,501
box_images/U+56C3,501
box_images/U+828B,501
box_images/U+30CC,501
box_images/U+8B1D,501
box_images/U+9802,501
box_images/U+8706,501
box_images/U+8201,501
box_images/U+30C5,501
box_images/U+51CB,501
box_images/U+571F,501
box_images/U+5FF5,501
box_images/U+8349,501
box_images/U+5D50,501
box_images/U+9055,501
box_images/U+8F9E,501
box_images/U+7FA8,501
box_images/U+673D,501
box_images/U+6668,501
box_images/U+65E6,501
box_images/U+63DB,501
box_images/U+5352,501
box_images/U+67CF,501
box_images/U+7B87,501
box_images/U+53E4,501
box_images/U+30C9,501
box_images/U+623B,501
box_images/U+5F13,501
box_images/U+4FA0,501
box_images/U+803D,501
box_images/U+9003,501
box_images/U+5909,501
box_images/U+7E26,501
box_images/U+62ED,501
box_images/U+74F6,501
box_images/U+7406,501
box_images/U+5E2B,501
box_images/U+7CE0,501
box_images/U+6065,501
box_images/U+8C4C,501
box_images/U+8C8C,501
box_images/U+6268,501
box_images/U+83CA,501
box_images/U+68A8,501
box_images/U+61BE,501
box_images/U+5168,501
box_images/U+7E41,501
box_images/U+6328,501
box_images/U+9846,501
box_images/U+59FF,501
box_images/U+85AA,501
box_images/U+7AA9,501
box_images/U+30E9,501
box_images/U+8F9B,501
box_images/U+8CD1,501
box_images/U+71AC,501
box_images/U+9818,501
box_images/U+6015,501
box_images/U+78E8,501
box_images/U+3077,501
box_images/U+57D4,501
box_images/U+6BD8,501
box_images/U+8276,501
box_images/U+7D50,501
box_images/U+5236,501
box_images/U+70C8,501
box_images/U+6DCB,501
box_images/U+6FC1,501
box_images/U+5B9B,501
box_images/U+63DA,501
box_images/U+5B9D,501
box_images/U+6F2B,501
box_images/U+91CD,501
box_images/U+6CB3,501
box_images/U+633D,501
box_images/U+9ED2,501
box_images/U+7DBF,501
box_images/U+793E,501
box_images/U+537F,501
box_images/U+611B,501
box_images/U+72FC,501
box_images/U+8ED2,501
box_images/U+660F,501
box_images/U+6731,501
box_images/U+7FC1,501
box_images/U+9EE0,501
box_images/U+5B70,501
box_images/U+6170,501
box_images/U+6C5F,501
box_images/U+30A8,501
box_images/U+5E83,501
box_images/U+5608,501
box_images/U+5144,501
box_images/U+85B9,500
box_images/U+6DDA,500
box_images/U+936C,500
box_images/U+58A8,500
box_images/U+610D,500
box_images/U+558B,500
box_images/U+72E9,500
box_images/U+5109,500
box_images/U+536F,500
box_images/U+754F,500
box_images/U+6FB3,500
box_images/U+82DF,500
box_images/U+50B7,500
box_images/U+7146,500
box_images/U+85B7,500
box_images/U+5440,500
box_images/U+520E,500
box_images/U+8CA7,500
box_images/U+6C40,500
box_images/U+961D,500
box_images/U+7B72,500
box_images/U+8108,500
box_images/U+50B5,500
box_images/U+5A46,500
box_images/U+6760,500
box_images/U+71A8,500
box_images/U+50C2,500
box_images/U+8205,500
box_images/U+5C09,500
box_images/U+5747,500
box_images/U+8FED,500
box_images/U+942B,500
box_images/U+91E7,500
box_images/U+29780,500
box_images/U+8476,500
box_images/U+75DE,500
box_images/U+61FA,500
box_images/U+5672,500
box_images/U+69FF,500
box_images/U+596E,500
box_images/U+745E,500
box_images/U+6DBC,500
box_images/U+5351,500
box_images/U+78FD,500
box_images/U+82FA,500
box_images/U+59EA,500
box_images/U+30F6,500
box_images/U+51E7,500
box_images/U+9F5F,500
box_images/U+919C,500
box_images/U+86A3,500
box_images/U+6696,500
box_images/U+5BE1,500
box_images/U+8904,500
box_images/U+695C,500
box_images/U+95CC,500
box_images/U+6163,500
box_images/U+5541,500
box_images/U+8774,500
box_images/U+6ADA,500
box_images/U+25EF,500
box_images/U+695D,500
box_images/U+8729,500
box_images/U+505C,500
box_images/U+99A8,500
box_images/U+5BDD,500
box_images/U+6AE8,500
box_images/U+7B4E,500
box_images/U+8A6B,500
box_images/U+8B01,500
box_images/U+80C3,500
box_images/U+9AF1,500
box_images/U+608B,500
box_images/U+86AF,500
box_images/U+88DF,500
box_images/U+8CFD,500
box_images/U+936E,500
box_images/U+8912,500
box_images/U+6DAF,500
box_images/U+851E,500
box_images/U+929C,500
box_images/U+7F88,500
box_images/U+6426,500
box_images/U+8E81,500
box_images/U+5AB3,500
box_images/U+545F,500
box_images/U+6991,500
box_images/U+67B2,500
box_images/U+25877,500
box_images/U+912D,500
box_images/U+7AB6,500
box_images/U+7422,500
box_images/U+4C61,500
box_images/U+5674,500
box_images/U+58DC,500
box_images/U+5CFD,500
box_images/U+843D,500
box_images/U+500F,500
box_images/U+81D3,500
box_images/U+64AE,500
box_images/U+58C1,500
box_images/U+8004,500
box_images/U+9076,500
box_images/U+6759,500
box_images/U+5A36,500
box_images/U+5230,500
box_images/U+5398,500
box_images/U+7BFC,500
box_images/U+6A90,500
box_images/U+4F0D,500
box_images/U+7566,500
box_images/U+51F6,500
box_images/U+8B28,500
box_images/U+264B3,500
box_images/U+788C,500
box_images/U+924B,500
box_images/U+62D7,500
box_images/U+5EC8,500
box_images/U+5FA4,500
box_images/U+9676,500
box_images/U+7B56,500
box_images/U+687E,500
box_images/U+69F3,500
box_images/U+7A17,500
box_images/U+8CBF,500
box_images/U+53CC,500
box_images/U+62BD,500
box_images/U+75A3,500
box_images/U+30DA,500
box_images/U+5F77,500
box_images/U+7E4A,500
box_images/U+874B,500
box_images/U+9C14,500
box_images/U+559D,500
box_images/U+86B0,500
box_images/U+75E2,500
box_images/U+98E9,500
box_images/U+9C08,500
box_images/U+6236,500
box_images/U+64CD,500
box_images/U+9B12,500
box_images/U+932C,500
box_images/U+7B27,500
box_images/U+79E4,500
box_images/U+7B06,500
box_images/U+8526,500
box_images/U+6B79,500
box_images/U+62FF,500
box_images/U+7C97,500
box_images/U+FA4E,500
box_images/U+7C1F,500
box_images/U+659C,500
box_images/U+69C1,500
box_images/U+5A2F,500
box_images/U+22999,500
box_images/U+86E5,500
box_images/U+7B99,500
box_images/U+8E06,500
box_images/U+8CDB,500
box_images/U+6762,500
box_images/U+79C9,500
box_images/U+7433,500
box_images/U+70EE,500
box_images/U+52DF,500
box_images/U+74BD,500
box_images/U+8E44,500
box_images/U+68D8,500
box_images/U+6D99,500
box_images/U+966A,500
box_images/U+725D,500
box_images/U+8D05,500
box_images/U+8C3A,500
box_images/U+9C15,500
box_images/U+80C6,500
box_images/U+7FB2,500
box_images/U+8872,500
box_images/U+5B51,500
box_images/U+6CD4,500
box_images/U+6BC0,500
box_images/U+783A,500
box_images/U+9BAA,500
box_images/U+5632,500
box_images/U+5F09,500
box_images/U+95A4,500
box_images/U+7587,500
box_images/U+984B,500
box_images/U+676D,500
box_images/U+7BC4,500
box_images/U+9EEF,500
box_images/U+91BF,500
box_images/U+9419,500
box_images/U+51B4,500
box_images/U+6089,500
box_images/U+7DBD,500
box_images/U+9A69,500
box_images/U+837C,500
box_images/U+8114,500
box_images/U+5E33,500
box_images/U+8B19,500
box_images/U+3083,500
box_images/U+86DE,500
box_images/U+7FF0,500
box_images/U+8956,500
box_images/U+4572,500
box_images/U+9C5D,500
box_images/U+75B1,500
box_images/U+5AB5,500
box_images/U+852C,500
box_images/U+9A2B,500
box_images/U+85D0,500
box_images/U+5F8B,500
box_images/U+8E30,500
box_images/U+5B32,500
box_images/U+645A,500
box_images/U+8511,500
box_images/U+6478,500
box_images/U+5191,500
box_images/U+58CC,500
box_images/U+69CC,500
box_images/U+4FFA,500
box_images/U+8292,500
box_images/U+63CF,500
box_images/U+770C,500
box_images/U+6B47,500
box_images/U+937C,500
box_images/U+8C7A,500
box_images/U+5F7F,500
box_images/U+798A,500
box_images/U+62B5,500
box_images/U+5147,500
box_images/U+5782,500
box_images/U+55A9,500
box_images/U+7B94,500
box_images/U+7F4C,500
box_images/U+9BCE,500
box_images/U+6115,500
box_images/U+5D14,500
box_images/U+8760,500
box_images/U+501A,500
box_images/U+9BAB,500
box_images/U+6248,500
box_images/U+9DE6,500
box_images/U+77E9,500
box_images/U+9F6C,500
box_images/U+691C,500
box_images/U+9D5D,500
box_images/U+6AFA,500
box_images/U+30DD,500
box_images/U+8941,500
box_images/U+70F9,500
box_images/U+7960,500
box_images/U+9D9A,500
box_images/U+7E55,500
box_images/U+9B23,500
box_images/U+9B1B,500
box_images/U+4E18,500
box_images/U+8F9F,500
box_images/U+9410,500
box_images/U+86A9,500
box_images/U+8E74,500
box_images/U+68A7,500
box_images/U+6E23,500
box_images/U+30D2,500
box_images/U+6676,500
box_images/U+8AA1,500
box_images/U+3691,500
box_images/U+7B8F,500
box_images/U+6A1F,500
box_images/U+30ED,500
box_images/U+8667,500
box_images/U+30E6,500
box_images/U+5EEA,500
box_images/U+9D86,500
box_images/U+83F0,500
box_images/U+8710,500
box_images/U+8EC8,500
box_images/U+9042,500
box_images/U+8910,500
box_images/U+69BF,500
box_images/U+7A79,500
box_images/U+54E2,500
box_images/U+6803,500
box_images/U+7515,500
box_images/U+81D9,500
box_images/U+91AF,500
box_images/U+7C5F,500
box_images/U+566B,500
box_images/U+6FC0,500
box_images/U+8F3F,500
box_images/U+8AE6,500
box_images/U+9BD1,500
box_images/U+7D14,500
box_images/U+81CD,500
box_images/U+72F0,500
box_images/U+82B3,500
box_images/U+7CBD,500
box_images/U+79BB,500
box_images/U+72FB,500
box_images/U+7DE0,500
box_images/U+512A,500
box_images/U+8CC2,500
box_images/U+50AD,500
box_images/U+734F,500
box_images/U+7325,500
box_images/U+5F89,500
box_images/U+8E64,500
box_images/U+7C17,500
box_images/U+233D0,500
box_images/U+5420,500
box_images/U+3C55,500
box_images/U+5C28,500
box_images/U+932F,500
box_images/U+8725,500
box_images/U+4FAE,500
box_images/U+723D,500
box_images/U+6787,500
box_images/U+5B30,500
box_images/U+6173,500
box_images/U+583A,500
box_images/U+962A,500
box_images/U+7235,500
box_images/U+59FB,500
box_images/U+59A3,500
box_images/U+69CE,500
box_images/U+5D69,500
box_images/U+7CCA,500
box_images/U+9BF1,500
box_images/U+7B6E,500
box_images/U+871C,500
box_images/U+8789,500
box_images/U+633F,500
box_images/U+5E87,500
box_images/U+786B,500
box_images/U+9951,500
box_images/U+6A12,500
box_images/U+992E,500
box_images/U+5141,500
box_images/U+7577,500
box_images/U+873F,500
box_images/U+67CA,500
box_images/U+826E,500
box_images/U+77BF,500
box_images/U+5403,500
box_images/U+7B4F,500
box_images/U+977C,500
box_images/U+7E0A,500
box_images/U+8A1D,500
box_images/U+6B3E,500
box_images/U+68D7,500
box_images/U+983D,500
box_images/U+9E1B,500
box_images/U+7F9E,500
box_images/U+84BC,500
box_images/U+84F4,500
box_images/U+5A25,500
box_images/U+8881,500
box_images/U+75D5,500
box_images/U+FA1F,500
box_images/U+60F9,500
box_images/U+96D5,500
box_images/U+9A62,500
box_images/U+9078,500
box_images/U+6D85,500
box_images/U+6B86,500
box_images/U+3085,500
box_images/U+8106,500
box_images/U+963B,500
box_images/U+6CFB,500
box_images/U+8A08,500
box_images/U+557B,500
box_images/U+68B3,500
box_images/U+826A,500
box_images/U+8568,500
box_images/U+983C,500
box_images/U+620E,500
box_images/U+67E9,500
box_images/U+54A8,500
box_images/U+95BC,500
box_images/U+9BEF,500
box_images/U+6A97,500
box_images/U+67B8,500
box_images/U+8E2A,500
box_images/U+8D81,500
box_images/U+96DB,500
box_images/U+5FB9,500
box_images/U+5FD9,500
box_images/U+5366,500
box_images/U+9BCA,500
box_images/U+8F2F,500
box_images/U+69F9,500
box_images/U+8E1D,500
box_images/U+984C,500
box_images/U+6BEF,500
box_images/U+5954,500
box_images/U+68BA,500
box_images/U+947D,500
box_images/U+6212,500
box_images/U+FA4A,500
box_images/U+30A3,500
box_images/U+9903,500
box_images/U+84D9,500
box_images/U+5764,500
box_images/U+74EE,500
box_images/U+6167,500
box_images/U+7E5E,500
box_images/U+76E3,500
box_images/U+30B4,500
box_images/U+F999,500
box_images/U+9A40,500
box_images/U+7396,500
box_images/U+68CA,500
box_images/U+8345,500
box_images/U+72C4,500
box_images/U+8734,500
box_images/U+8D0F,500
box_images/U+52E6,500
box_images/U+72F7,500
box_images/U+5703,500
box_images/U+91C8,500
box_images/U+8317,500
box_images/U+793A,500
box_images/U+633A,500
box_images/U+5E45,500
box_images/U+67AF,500
box_images/U+95E2,500
box_images/U+9B0C,500
box_images/U+7F9A,500
box_images/U+655D,500
box_images/U+6070,500
box_images/U+52AB,500
box_images/U+7C13,500
box_images/U+8B92,500
box_images/U+751C,500
box_images/U+8901,500
box_images/U+74CA,500
box_images/U+80B1,500
box_images/U+70D9,500
box_images/U+67B7,500
box_images/U+8026,500
box_images/U+5480,500
box_images/U+7616,500
box_images/U+7E46,500
box_images/U+8A31,500
box_images/U+6442,500
box_images/U+7328,500
box_images/U+8AE7,500
box_images/U+5E95,500
box_images/U+6F5F,500
box_images/U+7E7B,500
box_images/U+8D67,500
box_images/U+8AED,500
box_images/U+53E9,500
box_images/U+7B4C,500
box_images/U+8406,500
box_images/U+9014,500
box_images/U+6518,500
box_images/U+72A0,500
box_images/U+761E,500
box_images/U+80AF,500
box_images/U+86DF,500
box_images/U+8514,500
box_images/U+562F,500
box_images/U+67E4,500
box_images/U+8712,500
box_images/U+98AF,500
box_images/U+8E48,500
box_images/U+6CDD,500
box_images/U+7DCB,500
box_images/U+8168,500
box_images/U+8328,500
box_images/U+5145,500
box_images/U+8630,500
box_images/U+99D1,500
box_images/U+775A,500
box_images/U+9810,500
box_images/U+70B3,500
box_images/U+99DD,500
box_images/U+7D43,500
box_images/U+8129,500
box_images/U+5BC7,500
box_images/U+85AB,500
box_images/U+9E8C,500
box_images/U+61A9,500
box_images/U+71E7,500
box_images/U+95D6,500
box_images/U+693D,500
box_images/U+9686,500
box_images/U+7D17,500
box_images/U+9AEF,500
box_images/U+6467,500
box_images/U+9E9D,500
box_images/U+7766,500
box_images/U+8972,500
box_images/U+7B50,500
box_images/U+5256,500
box_images/U+5751,500
box_images/U+8D6B,500
box_images/U+601C,500
box_images/U+7F5F,500
box_images/U+6F6F,500
box_images/U+266B0,500
box_images/U+9E9F,500
box_images/U+6280,500
box_images/U+52F2,500
box_images/U+9DC9,500
box_images/U+6388,500
box_images/U+5680,500
box_images/U+30DC,500
box_images/U+4093,500
box_images/U+5EFE,500
box_images/U+9D1E,500
box_images/U+5CE8,500
box_images/U+8787,500
box_images/U+9859,500
box_images/U+6DF5,500
box_images/U+6ECB,500
box_images/U+5EB8,500
box_images/U+6A66,500
box_images/U+867B,500
box_images/U+775C,500
box_images/U+59DA,500
box_images/U+8759,500
box_images/U+833C,500
box_images/U+5211,500
box_images/U+9C76,500
box_images/U+542E,500
box_images/U+9D50,500
box_images/U+97FB,500
box_images/U+83DD,500
box_images/U+96BA,500
box_images/U+845C,500
box_images/U+67B6,500
box_images/U+8DDD,500
box_images/U+5DEB,500
box_images/U+6CBF,500
box_images/U+759D,500
box_images/U+78A7,500
box_images/U+9E75,500
box_images/U+4FB2,500
box_images/U+82EA,500
box_images/U+9E8B,500
box_images/U+4EAE,500
box_images/U+9942,500
box_images/U+87CB,500
box_images/U+6B9E,500
box_images/U+8925,500
box_images/U+5C3F,500
box_images/U+86A2,500
box_images/U+5199,500
box_images/U+8ACF,500
box_images/U+4FF8,500
box_images/U+595A,500
box_images/U+83D6,500
box_images/U+9B66,500
box_images/U+5365,500
box_images/U+7957,500
box_images/U+5401,500
box_images/U+7624,500
box_images/U+FA5C,500
box_images/U+8331,500
box_images/U+8650,500
box_images/U+9BAC,500
box_images/U+96FB,500
box_images/U+58C7,500
box_images/U+9D3B,500
box_images/U+8DCC,500
box_images/U+6BEC,500
box_images/U+754B,500
box_images/U+4ED7,500
box_images/U+939A,500
box_images/U+7A4F,500
box_images/U+85E9,500
box_images/U+6620,500
box_images/U+83A8,500
box_images/U+6840,500
box_images/U+682B,500
box_images/U+5030,500
box_images/U+5E06,500
box_images/U+58BE,500
box_images/U+91FF,500
box_images/U+8438,500
box_images/U+7DAD,500
box_images/U+5893,500
box_images/U+7CEB,500
box_images/U+73CA,500
box_images/U+6258,500
box_images/U+9739,500
box_images/U+870B,500
box_images/U+828D,500
box_images/U+68D0,500
box_images/U+4FCE,500
box_images/U+5761,500
box_images/U+9B51,500
box_images/U+559E,500
box_images/U+93D1,500
box_images/U+9940,500
box_images/U+9D59,500
box_images/U+876E,500
box_images/U+7DA2,500
box_images/U+7DE1,500
box_images/U+98AD,500
box_images/U+687F,500
box_images/U+8A50,500
box_images/U+9E1E,500
box_images/U+56C1,500
box_images/U+6FA1,500
box_images/U+6021,500
box_images/U+7726,500
box_images/U+7459,500
box_images/U+7B1E,500
box_images/U+57F5,500
box_images/U+6196,500
box_images/U+7CDC,500
box_images/U+9B85,500
box_images/U+53A0,500
box_images/U+71FC,500
box_images/U+95CD,500
box_images/U+64EC,500
box_images/U+6EC5,500
box_images/U+67EF,500
box_images/U+86C9,500
box_images/U+60C7,500
box_images/U+5C69,500
box_images/U+4F40,500
box_images/U+30D6,500
box_images/U+75FF,500
box_images/U+813E,500
box_images/U+6AD3,500
box_images/U+8DFC,500
box_images/U+7E3A,500
box_images/U+5F14,500
box_images/U+61B6,500
box_images/U+6063,500
box_images/U+553E,500
box_images/U+6479,500
box_images/U+870A,500
box_images/U+99DF,500
box_images/U+970F,500
box_images/U+8B4F,500
box_images/U+85FF,500
box_images/U+5EFC,500
box_images/U+5E25,500
box_images/U+24E60,500
box_images/U+FA17,500
box_images/U+903C,500
box_images/U+821B,500
box_images/U+9E92,500
box_images/U+7627,500
box_images/U+8A25,500
box_images/U+86B8,500
box_images/U+7ACA,500
box_images/U+93E4,500
box_images/U+8AA6,500
box_images/U+53D9,500
box_images/U+6208,500
box_images/U+598A,500
box_images/U+9BF0,500
box_images/U+9266,500
box_images/U+43E3,500
box_images/U+90DB,500
box_images/U+608C,500
box_images/U+87FB,500
box_images/U+9396,500
box_images/U+9871,500
box_images/U+6995,500
box_images/U+6736,500
box_images/U+5E5F,500
box_images/U+6DF9,500
box_images/U+752B,500
box_images/U+7891,500
box_images/U+74CF,500
box_images/U+9B2A,500
box_images/U+8217,500
box_images/U+29DDA,500
box_images/U+7B18,500
box_images/U+67B4,500
box_images/U+96CE,500
box_images/U+9047,500
box_images/U+96CB,500
box_images/U+8629,500
box_images/U+7D6E,500
box_images/U+75D8,500
box_images/U+6F3B,500
box_images/U+4F09,500
box_images/U+844D,500
box_images/U+976D,500
box_images/U+62CC,500
box_images/U+6763,500
box_images/U+9D3F,500
box_images/U+68B0,500
box_images/U+9C4F,500
box_images/U+76B9,500
box_images/U+9C5A,500
box_images/U+65A7,500
box_images/U+8061,500
box_images/U+7554,500
box_images/U+5A23,500
box_images/U+9C24,500
box_images/U+608D,500
box_images/U+95A3,500
box_images/U+96F6,500
box_images/U+5018,500
box_images/U+8757,500
box_images/U+7647,500
box_images/U+6EF8,500
box_images/U+8862,500
box_images/U+8831,500
box_images/U+7FEB,500
box_images/U+93C3,500
box_images/U+7962,500
box_images/U+5F27,500
box_images/U+8803,500
box_images/U+5F70,500
box_images/U+7240,500
box_images/U+92D2,500
box_images/U+9DEF,500
box_images/U+8461,500
box_images/U+621A,500
box_images/U+8A85,500
box_images/U+563B,500
box_images/U+78BA,500
box_images/U+5BE4,500
box_images/U+5E7D,500
box_images/U+795A,500
box_images/U+632B,500
box_images/U+5B8F,500
box_images/U+99C5,500
box_images/U+6C76,500
box_images/U+9A30,500
box_images/U+9834,500
box_images/U+882E,500
box_images/U+6582,500
box_images/U+5C50,500
box_images/U+83C1,500
box_images/U+906D,500
box_images/U+9700,500
box_images/U+91F5,500
box_images/U+6500,500
box_images/U+9F34,500
box_images/U+7119,500
box_images/U+8A75,500
box_images/U+7BD7,500
box_images/U+6D95,500
box_images/U+5B69,500
box_images/U+9C7A,500
box_images/U+5CE0,500
box_images/U+5C22,500
box_images/U+8AB2,500
box_images/U+8AA8,500
box_images/U+681D,500
box_images/U+3863,500
box_images/U+96C9,500
box_images/U+696F,500
box_images/U+9AE6,500
box_images/U+6894,500
box_images/U+4543,500
box_images/U+9A6B,500
box_images/U+873B,500
box_images/U+9D8D,500
box_images/U+342B,500
box_images/U+9724,500
box_images/U+25A1,500
box_images/U+548B,500
box_images/U+5B5C,500
box_images/U+8F9C,500
box_images/U+2324A,500
box_images/U+8235,500
box_images/U+77AA,500
box_images/U+812F,500
box_images/U+95B2,500
box_images/U+7E4D,500
box_images/U+9939,500
box_images/U+FA3B,500
box_images/U+958F,500
box_images/U+804A,500
box_images/U+64E1,500
box_images/U+8C62,500
box_images/U+5830,500
box_images/U+52FE,500
box_images/U+822A,500
box_images/U+3836,500
box_images/U+6821,500
box_images/U+614C,500
box_images/U+65C3,500
box_images/U+745A,500
box_images/U+572D,500
box_images/U+63A9,500
box_images/U+75F0,500
box_images/U+9174,500
box_images/U+79E3,500
box_images/U+722C,500
box_images/U+8A5B,500
box_images/U+838E,500
box_images/U+77DA,500
box_images/U+9805,500
box_images/U+8469,500
box_images/U+83EA,500
box_images/U+84BB,500
box_images/U+9453,500
box_images/U+9D5C,500
box_images/U+65CC,500
box_images/U+7827,500
box_images/U+6905,500
box_images/U+8543,500
box_images/U+58CA,500
box_images/U+231C3,500
box_images/U+79DF,500
box_images/U+5AE6,500
box_images/U+82AC,500
box_images/U+9AC4,500
box_images/U+88D9,500
box_images/U+63F4,500
box_images/U+53C9,500
box_images/U+6291,500
box_images/U+93B0,500
box_images/U+241C6,500
box_images/U+6602,500
box_images/U+8EBE,500
box_images/U+3B87,500
box_images/U+6E67,500
box_images/U+87AB,500
box_images/U+89F4,500
box_images/U+85DC,500
box_images/U+95D5,500
box_images/U+8EA1,500
box_images/U+7208,500
box_images/U+5340,500
box_images/U+6168,500
box_images/U+5239,500
box_images/U+6A8B,500
box_images/U+80A2,500
box_images/U+8977,500
box_images/U+7E1B,500
box_images/U+7A76,500
box_images/U+672E,500
box_images/U+9C23,500
box_images/U+866F,500
box_images/U+9C41,500
box_images/U+8693,500
box_images/U+5984,500
box_images/U+964B,500
box_images/U+7E27,500
box_images/U+FF0D,500
box_images/U+62D8,500
box_images/U+8C6A,500
box_images/U+7D02,500
box_images/U+5EBB,500
box_images/U+6B23,500
box_images/U+666E,500
box_images/U+8821,500
box_images/U+54BD,500
box_images/U+814B,500
box_images/U+825A,500
box_images/U+9077,500
box_images/U+8ADC,500
box_images/U+8475,500
box_images/U+60FB,500
box_images/U+5BA6,500
box_images/U+698A,500
box_images/U+5132,500
box_images/U+9F3A,500
box_images/U+776A,500
box_images/U+003F,500
box_images/U+58D1,500
box_images/U+5F4A,500
box_images/U+7D46,500
box_images/U+99FF,500
box_images/U+5546,500
box_images/U+634F,500
box_images/U+5CB3,500
box_images/U+7977,500
box_images/U+6109,500
box_images/U+8778,500
box_images/U+865E,500
box_images/U+7C69,500
box_images/U+7D1B,500
box_images/U+7E3B,500
box_images/U+964C,500
box_images/U+9CF3,500
box_images/U+92ED,500
box_images/U+716C,500
box_images/U+526A,500
box_images/U+533B,500
box_images/U+3007,500
box_images/U+7DC7,500
box_images/U+7BF7,500
box_images/U+5F26,500
box_images/U+652C,500
box_images/U+5448,500
box_images/U+9952,500
box_images/U+522A,500
box_images/U+6251,500
box_images/U+7DCA,500
box_images/U+6EF4,500
box_images/U+8540,500
box_images/U+5265,500
box_images/U+5B8B,500
box_images/U+558A,500
box_images/U+83D8,500
box_images/U+9237,500
box_images/U+5BE8,500
box_images/U+91C4,500
box_images/U+6144,500
box_images/U+9C3E,500
box_images/U+7578,500
box_images/U+8E47,500
box_images/U+6959,500
box_images/U+5B0B,500
box_images/U+7832,500
box_images/U+5339,500
box_images/U+7BE4,500
box_images/U+8B5A,500
box_images/U+54AB,500
box_images/U+30B6,500
box_images/U+7A42,500
box_images/U+5091,500
box_images/U+6350,500
box_images/U+6537,500
box_images/U+4EC0,500
box_images/U+6096,500
box_images/U+56D3,500
box_images/U+9DFA,500
box_images/U+85C9,500
box_images/U+6ABB,500
box_images/U+83BD,500
box_images/U+79E7,500
box_images/U+93CA,500
box_images/U+6E8F,500
box_images/U+8B90,500
box_images/U+9910,500
box_images/U+30B0,500
box_images/U+5F8A,500
box_images/U+7CF6,500
box_images/U+613F,500
box_images/U+5DAE,500
box_images/U+682A,500
box_images/U+7678,500
box_images/U+7AED,500
box_images/U+7AC5,500
box_images/U+5C5E,500
box_images/U+30C2,500
box_images/U+6019,500
box_images/U+920E,500
box_images/U+947F,500
box_images/U+6EA2,500
box_images/U+554C,500
box_images/U+982C,500
box_images/U+8A02,500
box_images/U+53D4,500
box_images/U+6DBF,500
box_images/U+9F2C,500
box_images/U+840C,500
box_images/U+8C49,500
box_images/U+5CD9,500
box_images/U+86B6,500
box_images/U+8A1F,500
box_images/U+7B25,500
box_images/U+6684,500
box_images/U+5382,500
box_images/U+520A,500
box_images/U+5840,500
box_images/U+30AC,500
box_images/U+7A3C,500
box_images/U+6028,500
box_images/U+5319,500
box_images/U+86C1,500
box_images/U+88A2,500
box_images/U+8E4A,500
box_images/U+9D7A,500
box_images/U+678B,500
box_images/U+8073,500
box_images/U+7E22,500
box_images/U+69C3,500
box_images/U+38F2,500
box_images/U+9E0A,500
box_images/U+7560,500
box_images/U+857A,500
box_images/U+8D16,500
box_images/U+8591,500
box_images/U+73EA,500
box_images/U+5D19,500
box_images/U+5353,500
box_images/U+854E,500
box_images/U+8996,500
box_images/U+63A0,500
box_images/U+84CD,500
box_images/U+7CC4,500
box_images/U+77B3,500
box_images/U+9F3E,500
box_images/U+7768,500
box_images/U+88F9,500
box_images/U+7FFB,500
box_images/U+6CBD,500
box_images/U+9C29,500
box_images/U+81D8,500
box_images/U+7738,500
box_images/U+5BB8,500
box_images/U+62CA,500
box_images/U+9AEB,500
box_images/U+82EB,500
box_images/U+5DCC,500
box_images/U+9870,500
box_images/U+65D7,500
box_images/U+F996,500
box_images/U+3479,500
box_images/U+76DF,500
box_images/U+9C0C,500
box_images/U+68BC,500
box_images/U+27752,500
box_images/U+7DBB,500
box_images/U+76D2,500
box_images/U+60C6,500
box_images/U+8CB6,500
box_images/U+66A6,500
box_images/U+8594,500
box_images/U+737A,500
box_images/U+66B9,500
box_images/U+615D,500
box_images/U+8753,500
box_images/U+9B87,500
box_images/U+8ADB,500
box_images/U+5883,500
box_images/U+66E0,500
box_images/U+6F66,500
box_images/U+80E4,500
box_images/U+8347,500
box_images/U+52B1,500
box_images/U+64F4,500
box_images/U+7940,500
box_images/U+5900,500
box_images/U+77DB,500
box_images/U+8621,500
box_images/U+84A1,500
box_images/U+6FEB,500
box_images/U+4F69,500
box_images/U+937E,500
box_images/U+91AD,500
box_images/U+62EC,500
box_images/U+8EAF,500
box_images/U+992C,500
box_images/U+5237,500
box_images/U+6EC4,500
box_images/U+53E1,500
box_images/U+9475,500
box_images/U+5C16,500
box_images/U+80DD,500
box_images/U+5F42,500
box_images/U+621F,500
box_images/U+5C20,500
box_images/U+9D3D,500
box_images/U+90CA,500
box_images/U+5F17,500
box_images/U+604D,500
box_images/U+5712,500
box_images/U+95C7,500
box_images/U+858A,500
box_images/U+8261,500
box_images/U+9394,500
box_images/U+62D0,500
box_images/U+5B36,500
box_images/U+6263,500
box_images/U+5140,500
box_images/U+9E88,500
box_images/U+6E7E,500
box_images/U+30D4,500
box_images/U+7BC6,500
box_images/U+79BD,500
box_images/U+87E0,500
box_images/U+82C5,500
box_images/U+66DC,500
box_images/U+8CC4,500
box_images/U+4E3C,500
box_images/U+6100,500
box_images/U+9B45,500
box_images/U+35A7,500
box_images/U+811B,500
box_images/U+8A93,500
box_images/U+659B,500
box_images/U+69DB,500
box_images/U+5DE1,500
box_images/U+FA38,500
box_images/U+6589,500
box_images/U+837B,500
box_images/U+66D9,500
box_images/U+889E,500
box_images/U+50DC,500
box_images/U+717D,500
box_images/U+8913,500
box_images/U+9BB2,500
box_images/U+9955,500
box_images/U+4FD8,500
box_images/U+8944,500
box_images/U+78D0,500
box_images/U+887D,500
box_images/U+7287,500
box_images/U+9DAB,500
box_images/U+7C6C,500
box_images/U+82F5,500
box_images/U+7D2C,500
box_images/U+8DD6,500
box_images/U+708E,500
box_images/U+62AB,500
box_images/U+9283,500
box_images/U+6F23,500
box_images/U+5EF1,500
box_images/U+6B2C,500
box_images/U+6C7E,500
box_images/U+9470,500
box_images/U+7F79,500
box_images/U+7A20,500
box_images/U+5F9C,500
box_images/U+9F62,500
box_images/U+542D,500
box_images/U+6056,500
box_images/U+5F4E,500
box_images/U+62F7,500
box_images/U+5983,500
box_images/U+68AF,500
box_images/U+9837,500
box_images/U+531C,500
box_images/U+5DF4,500
box_images/U+56BC,500
box_images/U+8CED,500
box_images/U+85AC,500
box_images/U+99AD,500
box_images/U+8CC8,500
box_images/U+82A1,500
box_images/U+7370,500
box_images/U+6E0B,500
box_images/U+7C82,500
box_images/U+51C6,500
box_images/U+9354,500
box_images/U+87DB,500
box_images/U+805A,500
box_images/U+4C99,500
box_images/U+6CC4,500
box_images/U+613D,500
box_images/U+5104,500
box_images/U+606A,500
box_images/U+52C9,500
box_images/U+7D45,500
box_images/U+7280,500
box_images/U+242CE,500
box_images/U+629B,500
box_images/U+91B4,500
box_images/U+5121,500
box_images/U+659F,500
box_images/U+9ED0,500
box_images/U+8F5F,500
box_images/U+6E24,500
box_images/U+9C46,500
box_images/U+7630,500
box_images/U+60B5,500
box_images/U+672B,500
box_images/U+968B,500
box_images/U+30AA,500
box_images/U+2123D,500
box_images/U+8EB1,500
box_images/U+90C1,500
box_images/U+9BA5,500
box_images/U+6A0A,500
box_images/U+8749,500
box_images/U+5806,500
box_images/U+8A3B,500
box_images/U+887F,500
box_images/U+5A6A,500
box_images/U+62D3,500
box_images/U+8A55,500
box_images/U+5557,500
box_images/U+72AF,500
box_images/U+901E,500
box_images/U+717B,500
box_images/U+69BE,500
box_images/U+6574,500
box_images/U+53A8,500
box_images/U+5FA0,500
box_images/U+6FC2,500
box_images/U+6627,500
box_images/U+69CD,500
box_images/U+5640,500
box_images/U+7D21,500
box_images/U+6912,500
box_images/U+9008,500
box_images/U+9DC2,500
box_images/U+5FF0,500
box_images/U+68CD,500
box_images/U+30D1,500
box_images/U+7D0A,500
box_images/U+8017,500
box_images/U+9B97,500
box_images/U+30D7,500
box_images/U+526F,500
box_images/U+68B5,500
box_images/U+4FDA,500
box_images/U+8892,500
box_images/U+FA45,500
box_images/U+82E3,500
box_images/U+4E19,500
box_images/U+780D,500
box_images/U+6942,500
box_images/U+8F4D,500
box_images/U+2437D,500
box_images/U+8569,500
box_images/U+9811,500
box_images/U+55FD,500
box_images/U+9756,500
box_images/U+8062,500
box_images/U+5FA8,500
box_images/U+9821,500
box_images/U+5852,500
box_images/U+7BAA,500
box_images/U+7252,500
box_images/U+30E0,500
box_images/U+81C6,500
box_images/U+8385,500
box_images/U+819A,500
box_images/U+6E3E,500
box_images/U+6BAF,500
box_images/U+76C8,500
box_images/U+67FE,500
box_images/U+8E49,500
box_images/U+60F3,500
box_images/U+4ED4,500
box_images/U+7F54,500
box_images/U+62C7,500
box_images/U+8755,500
box_images/U+857E,500
box_images/U+7AAA,500
box_images/U+7511,500
box_images/U+9932,500
box_images/U+7165,500
box_images/U+FA1D,500
box_images/U+8563,500
box_images/U+63B2,500
box_images/U+95A7,500
box_images/U+6488,500
box_images/U+62A6,500
box_images/U+6CF0,500
box_images/U+6092,500
box_images/U+685F,500
box_images/U+75B9,500
box_images/U+874E,500
box_images/U+4E8D,500
box_images/U+70AC,500
box_images/U+6726,500
box_images/U+96F9,500
box_images/U+9EDB,500
box_images/U+53DF,500
box_images/U+50EE,500
box_images/U+9B5F,500
box_images/U+7652,500
box_images/U+6974,500
box_images/U+827E,500
box_images/U+353A,500
box_images/U+77BC,500
box_images/U+55C7,500
box_images/U+9913,500
box_images/U+8395,500
box_images/U+976A,500
box_images/U+92F2,500
box_images/U+80FC,500
box_images/U+9041,500
box_images/U+5C41,500
box_images/U+87DF,500
box_images/U+79EC,500
box_images/U+80CE,500
box_images/U+83FD,500
box_images/U+622E,500
box_images/U+9768,500
box_images/U+7A95,500
box_images/U+8CFA,500
box_images/U+8796,500
box_images/U+8087,500
box_images/U+630C,500
box_images/U+6A61,500
box_images/U+7E11,500
box_images/U+59A8,500
box_images/U+56DA,500
box_images/U+6951,500
box_images/U+8EF8,500
box_images/U+863C,500
box_images/U+6853,500
box_images/U+5E47,500
box_images/U+82D3,500
box_images/U+86ED,500
box_images/U+777E,500
box_images/U+968A,500
box_images/U+6F20,500
box_images/U+7A0E,500
box_images/U+746A,500
box_images/U+5EB6,500
box_images/U+5F98,500
box_images/U+9825,500
box_images/U+74E0,500
box_images/U+68AD,500
box_images/U+88D5,500
box_images/U+8562,500
box_images/U+829F,500
box_images/U+9A43,500
box_images/U+8B10,500
box_images/U+9C12,500
box_images/U+771B,500
box_images/U+7CD2,500
box_images/U+90A8,500
box_images/U+6F78,500
box_images/U+5C4D,500
box_images/U+859C,500
box_images/U+6309,500
box_images/U+8CE0,500
box_images/U+6777,500
box_images/U+50F5,500
box_images/U+6E5B,500
box_images/U+30A1,500
box_images/U+5EB7,500
box_images/U+25DA1,500
box_images/U+89BF,500
box_images/U+99D0,500
box_images/U+5A62,500
box_images/U+6C90,500
box_images/U+91BC,500
box_images/U+8599,500
box_images/U+5354,500
box_images/U+5C6F,500
box_images/U+8B17,500
box_images/U+7B75,500
box_images/U+FF2F,500
box_images/U+55D4,500
box_images/U+80ED,500
box_images/U+8318,500
box_images/U+6961,500
box_images/U+7C46,500
box_images/U+9817,500
box_images/U+7455,500
box_images/U+8D04,500
box_images/U+9D12,500
box_images/U+5D16,500
box_images/U+5E9A,500
box_images/U+516E,500
box_images/U+5C40,500
box_images/U+67FB,500
box_images/U+7763,500
box_images/U+7A81,500
box_images/U+8888,500
box_images/U+81C9,500
box_images/U+5189,500
box_images/U+93E1,500
box_images/U+515A,500
box_images/U+574F,500
box_images/U+8FC2,500
box_images/U+91AA,500
box_images/U+8018,500
box_images/U+6F32,500
box_images/U+6D78,500
box_images/U+5E16,500
box_images/U+5516,500
box_images/U+5B8D,500
box_images/U+91C7,500
box_images/U+25750,500
box_images/U+50B2,500
box_images/U+4E4D,500
box_images/U+5AB1,500
box_images/U+5A1F,500
box_images/U+69AA,500
box_images/U+7267,500
box_images/U+3634,500
box_images/U+6ED3,500
box_images/U+5EF0,500
box_images/U+9B58,500
box_images/U+82E7,500
box_images/U+6CF3,500
box_images/U+6DB8,500
box_images/U+5DF7,500
box_images/U+6BC6,500
box_images/U+9BD2,500
box_images/U+7BE0,500
box_images/U+6055,500
box_images/U+5711,500
box_images/U+5178,500
box_images/U+5DF5,500
box_images/U+4F57,500
box_images/U+543B,500
box_images/U+9088,500
box_images/U+9DBA,500
box_images/U+980C,500
box_images/U+640F,500
box_images/U+4F31,500
box_images/U+6666,500
box_images/U+5B95,500
box_images/U+6556,500
box_images/U+7030,500
box_images/U+7A83,500
box_images/U+56C9,500
box_images/U+85AE,500
box_images/U+4E42,500
box_images/U+6832,500
box_images/U+7CA4,500
box_images/U+7761,500
box_images/U+6A8E,500
box_images/U+5E63,500
box_images/U+5E0C,500
box_images/U+5205,500
box_images/U+9403,500
box_images/U+524B,500
box_images/U+8404,500
box_images/U+7950,500
box_images/U+6165,500
box_images/U+83EB,500
box_images/U+9084,500
box_images/U+7011,500
box_images/U+88D8,500
box_images/U+30FC,500
box_images/U+6ED1,500
box_images/U+6634,500
box_images/U+92E4,500
box_images/U+8463,500
box_images/U+9156,500
box_images/U+7737,500
box_images/U+69D6,500
box_images/U+5B40,500
box_images/U+60A0,500
box_images/U+5289,500
box_images/U+758B,500
box_images/U+9DC3,500
box_images/U+629E,500
box_images/U+858F,500
box_images/U+8FE9,500
box_images/U+89DC,500
box_images/U+6841,500
box_images/U+516A,500
box_images/U+559F,500
box_images/U+5E7B,500
box_images/U+9BE8,500
box_images/U+5766,500
box_images/U+6874,500
box_images/U+29E75,500
box_images/U+5A11,500
box_images/U+7187,500
box_images/U+8822,500
box_images/U+68F2,500
box_images/U+9ECF,500
box_images/U+8A8C,500
box_images/U+5B55,500
box_images/U+8581,500
box_images/U+809A,500
box_images/U+6052,500
box_images/U+85A8,500
box_images/U+9C45,500
box_images/U+9B4F,500
box_images/U+9B44,500
box_images/U+6772,500
box_images/U+83DF,500
box_images/U+90A6,500
box_images/U+9662,500
box_images/U+8ABC,500
box_images/U+9949,500
box_images/U+6E13,500
box_images/U+9B29,500
box_images/U+9769,500
box_images/U+9B18,500
box_images/U+592D,500
box_images/U+8764,500
box_images/U+9051,500
box_images/U+5598,500
box_images/U+75D2,500
box_images/U+7523,500
box_images/U+907D,500
box_images/U+9306,500
box_images/U+5436,500
box_images/U+8DCF,500
box_images/U+60F0,500
box_images/U+6492,500
box_images/U+5960,500
box_images/U+88BF,500
box_images/U+6E3A,500
box_images/U+54E9,500
box_images/U+8334,500
box_images/U+5EF7,500
box_images/U+7E7E,500
box_images/U+665E,500
box_images/U+7C12,500
box_images/U+7500,500
box_images/U+894C,500
box_images/U+87C0,500
box_images/U+8AB9,500
box_images/U+5E1B,500
box_images/U+8708,500
box_images/U+9C10,500
box_images/U+9C6A,500
box_images/U+502B,500
box_images/U+5919,500
box_images/U+92F8,500
box_images/U+6A3A,500
box_images/U+7B86,500
box_images/U+8515,500
box_images/U+9F2B,500
box_images/U+30B8,500
box_images/U+8E1E,500
box_images/U+7A88,500
box_images/U+7919,500
box_images/U+533F,500
box_images/U+7058,500
box_images/U+9B28,500
box_images/U+60A7,500
box_images/U+721B,500
box_images/U+96C7,500
box_images/U+8B2B,500
box_images/U+8618,500
box_images/U+6E26,500
box_images/U+6D8E,500
box_images/U+9E95,500
box_images/U+53DB,500
box_images/U+9704,500
box_images/U+6F84,500
box_images/U+63AC,500
box_images/U+7DBE,500
box_images/U+5244,500
box_images/U+6B27,500
box_images/U+9214,500
box_images/U+4EC6,500
box_images/U+9742,500
box_images/U+5F6B,500
box_images/U+8E72,500
box_images/U+61C8,500
box_images/U+5A3C,500
box_images/U+696B,500
box_images/U+68FA,500
box_images/U+5D11,500
box_images/U+53F6,500
box_images/U+9082,500
box_images/U+7F99,500
box_images/U+5080,500
box_images/U+7729,500
box_images/U+5F11,500
box_images/U+8DBE,500
box_images/U+7682,500
box_images/U+8303,500
box_images/U+5B41,500
box_images/U+878D,500
box_images/U+9DD7,500
box_images/U+8D0B,500
box_images/U+8A54,500
box_images/U+6FE4,500
box_images/U+8133,500
box_images/U+7CB2,500
box_images/U+72DB,500
box_images/U+97A0,500
box_images/U+8466,500
box_images/U+83D4,500
box_images/U+88D4,500
box_images/U+8C8A,500
box_images/U+8A98,500
box_images/U+69D9,500
box_images/U+92F3,500
box_images/U+9A4D,500
box_images/U+9ECE,500
box_images/U+733F,500
box_images/U+4F47,500
box_images/U+6E2D,500
box_images/U+8210,500
box_images/U+7156,500
box_images/U+84C9,500
box_images/U+514B,500
box_images/U+8FA4,500
box_images/U+87F6,500
box_images/U+9EFD,500
box_images/U+5048,500
box_images/U+7C7E,500
box_images/U+58D2,500
box_images/U+5B16,500
box_images/U+6643,500
box_images/U+83BE,500
box_images/U+5F16,500
box_images/U+7814,500
box_images/U+6249,500
box_images/U+6392,500
box_images/U+6E2F,500
box_images/U+8938,500
box_images/U+9D51,500
box_images/U+5C8C,500
box_images/U+8702,500
box_images/U+881C,500
box_images/U+9C4A,500
box_images/U+54A5,500
box_images/U+6372,500
box_images/U+62C9,500
box_images/U+5E62,500
box_images/U+849F,500
box_images/U+81D1,500
box_images/U+9958,500
box_images/U+7E35,500
box_images/U+67EC,500
box_images/U+742B,500
box_images/U+7B19,500
box_images/U+630A,500
box_images/U+6B5B,500
box_images/U+9C25,500
box_images/U+831C,500
box_images/U+9698,500
box_images/U+5F90,500
box_images/U+7762,500
box_images/U+6B3D,500
box_images/U+97D3,500
box_images/U+6838,500
box_images/U+9801,500
box_images/U+846C,500
box_images/U+72D9,500
box_images/U+9132,500
box_images/U+86D5,500
box_images/U+9A65,500
box_images/U+5B2C,500
box_images/U+5EE9,500
box_images/U+978B,500
box_images/U+73B2,500
box_images/U+9688,500
box_images/U+7239,500
box_images/U+7FE1,500
box_images/U+8A95,500
box_images/U+54EE,500
box_images/U+993B,500
box_images/U+62C4,500
box_images/U+23D0E,500
box_images/U+7FF3,500
box_images/U+51A0,500
box_images/U+9BA6,500
box_images/U+93E5,500
box_images/U+7C98,500
box_images/U+6BEB,500
box_images/U+9D49,500
box_images/U+5039,500
box_images/U+64A4,500
box_images/U+7648,500
box_images/U+6E38,500
box_images/U+76DE,500
box_images/U+7E9C,500
box_images/U+8299,500
box_images/U+6A14,500
box_images/U+7893,500
box_images/U+74A7,500
box_images/U+5055,500
box_images/U+8C5A,500
box_images/U+91B8,500
box_images/U+9056,500
box_images/U+74B0,500
box_images/U+5CA8,500
box_images/U+755A,500
box_images/U+75E3,500
box_images/U+4408,500
box_images/U+5404,500
box_images/U+7B67,500
box_images/U+5638,500
box_images/U+6A19,500
box_images/U+8ACC,500
box_images/U+8413,500
box_images/U+853D,500
box_images/U+7126,500
box_images/U+63E9,500
box_images/U+593E,500
box_images/U+9178,500
box_images/U+86BA,500
box_images/U+7F60,500
box_images/U+9C6E,500
box_images/U+95BB,500
box_images/U+677C,500
box_images/U+97C3,500
box_images/U+66DD,500
box_images/U+8E87,500
box_images/U+79B9,500
box_images/U+832B,500
box_images/U+9F07,500
box_images/U+6012,500
box_images/U+22CE3,500
box_images/U+83CC,500
box_images/U+4EED,500
box_images/U+873E,500
box_images/U+66FC,500
box_images/U+60FA,500
box_images/U+6953,500
box_images/U+7B0F,500
box_images/U+24FA3,500
box_images/U+5E19,500
box_images/U+602F,500
box_images/U+9A6A,500
box_images/U+736C,500
box_images/U+5C2D,500
box_images/U+90AF,500
box_images/U+79E9,500
box_images/U+4F73,500
box_images/U+9909,500
box_images/U+9C1B,500
box_images/U+80EF,500
box_images/U+83A7,500
box_images/U+9169,500
box_images/U+761F,500
box_images/U+7C94,500
box_images/U+8CC7,500
box_images/U+FA65,500
box_images/U+6C93,500
box_images/U+86EF,500
box_images/U+4F98,500
box_images/U+9310,500
box_images/U+7387,500
box_images/U+355D,500
box_images/U+6108,500
box_images/U+82DB,500
box_images/U+6297,500
box_images/U+4F5E,500
box_images/U+5AD7,500
box_images/U+846D,500
box_images/U+9C32,500
box_images/U+7C0D,500
box_images/U+53EE,500
box_images/U+68C9,500
box_images/U+9EFF,500
box_images/U+870D,500
box_images/U+6960,500
